Supplier,Contract,Contract Position,Fulfillment time,Fixed contract 1,Fixed contract 2,Procurement type,Special procurement type,Dispatcher,Buyer,Purchasing group,Purchasing lot size,Total quantity,Total value,Price unit,Calendar,Plant information record,Information record number,Information record type,Plant processing time,Material master time,Product group,Base unit,anomaly,Prediction
3000,,0,0,0,0,F,42.0,228,228.0,Z001,Z1,0,0,100,,2100.0,5300530225.0,0.0,1,3,60200000,ST,1,1
2000,,0,0,0,0,F,40.0,231,231.0,Z008,Y4,0,0,100,E14,3000.0,5300289716.0,0.0,1,28,100202000,ST,1,1
2000,,0,0,0,0,F,40.0,231,231.0,Z008,Y4,0,0,1,E14,3000.0,5300228168.0,0.0,1,3,100201000,ST,1,1
2000,,0,0,0,0,F,40.0,231,231.0,Z001,Z7,0,0,100,,3000.0,5300410773.0,0.0,1,2,100202000,ST,1,1
706693,,0,0,0,0,F,40.0,208,208.0,Z001,Z1,0,0,100,,,,,1,3,100202000,ST,1,0
711970,,0,0,0,0,F,40.0,215,215.0,Z001,Y2,0,0,1,E13,,,,1,3,80300000,ST,1,0
715521,,0,0,0,0,F,40.0,215,215.0,Z001,Y4,0,0,1,E13,,,,1,3,80300000,ST,1,1
715521,,0,0,0,0,F,40.0,215,215.0,Z001,Y4,0,0,1,E13,,,,1,3,80300000,ST,1,1
711970,,0,0,0,0,F,40.0,215,215.0,Z001,Y2,0,0,1,E13,,5300194048.0,0.0,1,3,80300000,ST,1,0
715521,,0,0,0,0,F,40.0,215,215.0,Z001,Y4,0,0,1,E13,,5300448626.0,0.0,1,3,80300000,ST,1,0
715521,,0,0,0,0,F,40.0,215,215.0,Z001,Y4,0,0,1,E13,,5300448640.0,0.0,1,3,80300000,ST,1,0
701710,,0,0,0,0,F,42.0,231,231.0,Z008,Y4,0,0,1,E14,,,,1,14,100000000,ST,1,1
702225,,0,0,0,0,F,40.0,213,213.0,Z008,Z1,0,0,1,,,5300168983.0,0.0,1,56,40100000,ST,1,0
702225,,0,0,0,0,F,40.0,213,213.0,Z008,Z1,0,0,1,,,5300168983.0,3.0,1,56,40100000,ST,1,0
702686,,0,0,0,0,F,40.0,215,215.0,Z003,Y6,0,0,1,E13,,,,1,84,80100000,ST,1,1
706943,,0,0,0,0,F,,208,208.0,Z001,Z1,0,0,1000,,,,,1,999,130000000,ST,1,1
706943,,0,0,0,0,F,,208,208.0,Z001,Z1,0,0,1000,,,,,1,999,130000000,ST,1,1
706943,,0,0,0,0,F,,208,208.0,Z001,Z1,0,0,1000,,,,,1,999,130000000,ST,1,1
706943,,0,0,0,0,F,,208,208.0,Z001,Z1,0,0,1000,,,,,1,999,140700000,ST,1,1
706943,,0,0,0,0,F,,208,208.0,Z001,Z1,0,0,1000,,,,,1,999,130000000,ST,1,1
706943,,0,0,0,0,F,,208,208.0,Z001,Z1,0,0,1000,,,,,1,999,130000000,ST,1,1
706943,,0,0,0,0,F,,208,208.0,Z001,Z1,0,0,1000,,,,,1,999,130000000,ST,1,1
706943,,0,0,0,0,F,,208,208.0,Z001,Z1,0,0,1000,,,,,1,999,130000000,ST,1,1
706943,,0,0,0,0,F,,208,208.0,Z001,Z1,0,0,1000,,,,,1,999,130000000,ST,1,1
706943,,0,0,0,0,F,,208,208.0,Z001,Z1,0,0,1000,,,,,1,999,130000000,ST,1,1
706943,,0,0,0,0,F,,208,208.0,Z001,Z1,0,0,1000,,,,,1,999,130000000,ST,1,1
706943,,0,0,0,0,F,,208,208.0,Z001,Z1,0,0,1000,,,,,1,999,130000000,ST,1,1
706943,,0,0,0,0,F,,208,208.0,Z001,Z1,0,0,1000,,,,,1,999,130000000,ST,1,1
706943,,0,0,0,0,F,,208,208.0,Z001,Z1,0,0,1000,,,,,1,999,130000000,ST,1,1
706943,,0,0,0,0,F,,208,208.0,Z001,Z1,0,0,1000,,,,,1,999,130000000,ST,1,1
706943,,0,0,0,0,F,,208,208.0,Z001,Z1,0,0,1000,,,,,1,999,130000000,ST,1,1
706943,,0,0,0,0,F,,208,208.0,Z001,Z1,0,0,1000,,,,,1,999,130000000,ST,1,1
706943,,0,0,0,0,F,,208,208.0,Z001,Z1,0,0,1000,,,,,1,999,130000000,ST,1,1
706943,,0,0,0,0,F,,208,208.0,Z001,Z1,0,0,1000,,,,,1,999,130000000,ST,1,1
706943,,0,0,0,0,F,,208,208.0,Z001,Z1,0,0,1000,,,,,1,999,140100000,ST,1,1
706943,,0,0,0,0,F,,208,208.0,Z001,Z1,0,0,1000,,,,,1,999,130000000,ST,1,1
706943,,0,0,0,0,F,,208,208.0,Z001,Z1,0,0,1000,,,,,1,999,130000000,ST,1,1
706943,,0,0,0,0,F,,208,208.0,Z001,Z1,0,0,1000,,,,,1,999,130000000,ST,1,1
706943,,0,0,0,0,F,,208,208.0,Z001,Z1,0,0,1000,,,,,1,999,130000000,ST,1,1
706943,,0,0,0,0,F,,208,208.0,Z001,Z1,0,0,1000,,,,,1,999,140700000,ST,1,1
706943,,0,0,0,0,F,,208,208.0,Z001,Z1,0,0,1000,,,,,1,999,130000000,ST,1,1
706943,,0,0,0,0,F,,208,208.0,Z001,Z1,0,0,1000,,,,,1,999,130000000,ST,1,1
706943,,0,0,0,0,F,,208,208.0,Z001,Z1,0,0,1000,,,,,1,999,130000000,ST,1,1
706943,,0,0,0,0,F,,208,208.0,Z001,Z1,0,0,1000,,,,,1,999,140100000,ST,1,1
706943,,0,0,0,0,F,,208,208.0,Z001,Z1,0,0,1000,,,,,1,999,90300000,ST,1,1
706943,,0,0,0,0,F,,208,208.0,Z001,Z1,0,0,1000,,,,,1,999,130000000,ST,1,1
706943,,0,0,0,0,F,,208,208.0,Z001,Z1,0,0,1000,,,,,1,999,140000000,ST,1,1
706943,,0,0,0,0,F,,208,208.0,Z001,Z1,0,0,1000,,,,,1,999,140100000,ST,1,1
706943,,0,0,0,0,F,,208,208.0,Z001,Z1,0,0,1000,,,,,1,999,130000000,ST,1,1
701710,,0,0,0,0,F,,231,231.0,Z008,Y4,0,0,100,E14,,5300136657.0,0.0,1,71,100201000,ST,1,1
701710,,0,0,0,0,F,,231,231.0,Z008,Y4,0,0,100,E14,,5300072172.0,0.0,1,35,100201000,ST,1,0
701710,,0,0,0,0,F,,231,231.0,Z008,Y4,0,0,100,E14,,5300072173.0,0.0,1,35,100201000,ST,1,0
701710,,0,0,0,0,F,,231,231.0,Z008,Y4,0,0,100,E14,,5300072174.0,0.0,1,36,100201000,ST,1,0
701710,,0,0,0,0,F,,231,231.0,Z008,Y4,0,0,100,E14,,5300119174.0,0.0,1,36,50500000,ST,1,1
701710,,0,0,0,0,F,,231,231.0,Z008,Y4,0,0,1,E14,,5300186513.0,0.0,1,42,100100000,ST,1,0
701710,,0,0,0,0,F,,231,231.0,Z008,Y4,0,0,1,E14,,5300186515.0,0.0,1,42,100100000,ST,1,0
701710,,0,0,0,0,F,,231,231.0,Z008,Y4,0,0,1,E14,,5300170092.0,0.0,1,49,100201000,ST,1,0
715200,,0,0,0,0,F,,231,231.0,Z001,Z1,0,0,1,,,5300535760.0,3.0,1,999,550100000,ST,1,1
715200,,0,0,0,0,F,,231,231.0,Z001,Z1,0,0,1,,,5300535759.0,3.0,1,999,550100000,ST,1,1
715200,,0,0,0,0,F,,231,231.0,Z001,Z1,0,0,1,,,5300535762.0,3.0,1,999,550100000,ST,1,1
714198,,0,0,0,0,F,,231,231.0,Z001,Z1,0,0,1,,,5300499504.0,0.0,1,999,40100000,ST,1,1
714198,,0,0,0,0,F,,231,231.0,Z001,Z1,0,0,1,,,5300499505.0,0.0,1,999,40100000,ST,1,1
714198,,0,0,0,0,F,,231,231.0,Z001,Z1,0,0,1,,,5300499507.0,0.0,1,999,40100000,ST,1,1
714198,,0,0,0,0,F,,231,231.0,Z001,Z1,0,0,1,,,5300499506.0,0.0,1,999,40100000,ST,1,1
708987,,0,0,0,0,F,40.0,215,215.0,Z006,Z1,0,0,1,,,5300151676.0,3.0,2,3,80100000,ST,1,0
708987,,0,0,0,0,F,40.0,215,215.0,Z006,Z1,0,0,1,,,5300151675.0,0.0,2,3,80100000,ST,1,0
708987,,0,0,0,0,F,40.0,215,215.0,Z006,Z1,0,0,1,,,5300151676.0,0.0,2,3,80100000,ST,1,0
701710,,0,0,0,0,F,,231,231.0,Z008,Y4,0,0,100,E14,,5300141061.0,0.0,1,58,100201000,M,1,1
701710,,0,0,0,0,F,,231,231.0,Z008,Y4,0,0,1,E14,,5300107727.0,0.0,1,15,10401000,M,1,1
2000,,0,0,0,0,F,42.0,215,215.0,Z001,Y4,0,0,100,E13,2100.0,5300504084.0,0.0,1,3,80100000,M,1,1
2000,,0,0,0,0,F,42.0,215,215.0,Z001,Y4,0,0,100,E13,3000.0,5300504084.0,0.0,1,3,80100000,M,1,1
2000,,0,0,0,0,F,40.0,231,231.0,Z012,Y9,0,0,1000,E14,3000.0,5300364259.0,0.0,1,42,100201000,MM,1,1
2000,,0,0,0,0,F,40.0,231,231.0,Z012,Z9,0,0,1000,,3000.0,5300204410.0,0.0,1,56,100201000,MM,1,1
701710,,0,0,0,0,F,,231,231.0,Z008,Y4,0,0,1,E14,,5300107727.0,0.0,1,15,10401000,M,1,1
701710,,0,0,0,0,F,,231,231.0,Z008,Y4,0,0,100,E14,,5300141061.0,0.0,1,58,100201000,M,1,1
2100,,0,0,0,0,F,41.0,228,228.0,Z010,Z7,0,0,100,,2000.0,5300198875.0,0.0,0,3,60100000,ST,1,1
2100,,0,0,0,0,F,41.0,228,228.0,Z010,Z7,0,0,100,,3000.0,5300198875.0,0.0,0,3,60100000,ST,1,1
2100,,0,0,0,0,F,41.0,203,203.0,Z003,Y9,0,0,1,E11,2000.0,5300504171.0,0.0,1,2,50200000,ST,1,1
2100,,0,0,0,0,F,41.0,203,203.0,Z003,Y9,0,0,1,E11,2700.0,5300504171.0,0.0,1,2,50200000,ST,1,1
2100,,0,0,0,0,F,41.0,203,203.0,Z003,Y9,0,0,1,E11,3000.0,5300504171.0,0.0,1,2,50200000,ST,1,0
704333,,0,0,0,0,F,40.0,228,228.0,Z001,Z1,0,0,1,,,5300095910.0,3.0,1,3,10401000,ST,1,1
704333,,0,0,0,0,F,40.0,228,228.0,Z001,Z1,0,0,1,,,5300070996.0,3.0,1,3,60100000,ST,1,1
704333,,0,0,0,0,F,40.0,228,228.0,Z001,Z1,0,0,1,,,5300062494.0,3.0,1,3,140100000,ST,1,1
715408,,0,0,0,0,F,,223,223.0,Z004,TB,0,0,1,,,,,1,56,10403000,ST,1,1
715408,,0,0,0,0,F,,223,223.0,Z004,TB,0,0,1,,,5300436305.0,0.0,1,56,10403000,ST,1,1
715408,,0,0,0,0,F,30.0,223,223.0,Z004,TB,0,0,1,,,,,1,56,10403000,ST,1,1
715408,,0,0,0,0,F,30.0,223,223.0,Z004,TB,0,0,1,,,5300436391.0,3.0,1,56,10403000,ST,1,1
3000,,0,0,0,0,F,42.0,228,228.0,Z001,Z1,0,0,100,,2000.0,5300529235.0,0.0,1,1,10401000,ST,1,1
3000,,0,0,0,0,F,42.0,228,228.0,Z001,Z1,0,0,100,,2000.0,5300417151.0,0.0,1,1,10401000,ST,1,1
3000,,0,0,0,0,F,42.0,203,203.0,Z001,Y4,0,0,1,E15,2000.0,5300529239.0,0.0,1,210,30202000,ST,1,1
2000,,0,0,0,0,F,40.0,202,202.0,Z003,Z5,0,0,1,,,,,1,7,40100000,ST,1,1
3000,,0,0,0,0,F,42.0,203,203.0,Z012,Z2,0,0,1,,2000.0,5300410117.0,0.0,10,1,131000000,ST,1,1
3000,,0,0,0,0,F,42.0,203,203.0,Z012,Z2,0,0,1,,2100.0,5300410117.0,0.0,10,1,131000000,ST,1,1
2000,,0,0,0,0,F,42.0,215,215.0,Z006,Y4,0,0,1,E11,2100.0,5300209998.0,0.0,10,3,80300000,ST,1,1
2000,,0,0,0,0,F,42.0,215,215.0,Z006,Y4,0,0,1,E11,3000.0,5300209998.0,0.0,10,3,80300000,ST,1,1
2000,,0,0,0,0,F,40.0,228,228.0,Z004,Z1,0,0,1,,3000.0,5300542498.0,0.0,0,42,70500000,ST,1,1
2000,,0,0,0,0,F,40.0,231,231.0,Z012,Z5,0,0,1,,3000.0,5300544585.0,0.0,0,28,550100000,ST,1,1
2000,,0,0,0,0,F,42.0,215,215.0,Z006,Y4,0,0,1,E11,2100.0,5300210320.0,0.0,10,3,80400000,ST,1,1
2000,,0,0,0,0,F,42.0,215,215.0,Z006,Y4,0,0,1,E11,3000.0,5300210320.0,0.0,10,3,80400000,ST,1,1
700722,,0,0,0,0,F,40.0,228,228.0,Z004,Z1,0,0,1,,,5300542496.0,0.0,0,42,70500000,ST,1,1
703564,,0,0,0,0,F,,203,203.0,Z002,Z2,0,0,1,,,5300053372.0,0.0,20,84,90100000,ST,1,0
700095,,0,0,0,0,F,,203,203.0,Z001,Z1,0,0,1,,,5300019408.0,0.0,20,56,30202000,ST,1,0
701710,,0,0,0,0,F,40.0,231,231.0,Z008,Y4,0,0,100,E14,,5300144855.0,0.0,1,2,100202000,ST,1,0
707605,,0,0,0,0,F,41.0,215,215.0,Z001,V4,0,0,100,E98,,5300503719.0,0.0,1,2,580600000,ST,1,0
701710,,0,0,0,0,F,40.0,231,231.0,Z008,Y4,0,0,100,E14,,5300119174.0,0.0,1,36,50500000,ST,1,1
700584,,0,0,0,0,F,40.0,203,203.0,Z001,Z1,0,0,100,,,,,1,3,70500000,ST,1,1
711970,,0,0,0,0,F,30.0,215,215.0,Z001,Y2,0,0,1,E13,,,,1,84,80900000,ST,1,1
701710,,0,0,0,0,F,42.0,231,231.0,Z012,Y4,0,0,1,E14,,,,1,1,100000000,ST,1,1
709641,,0,0,0,0,F,42.0,215,215.0,Z012,Y4,0,0,1,E13,,5300167007.0,0.0,1,1,100100000,ST,1,1
711970,,0,0,0,0,F,40.0,215,215.0,Z003,Y2,0,0,1,E13,,5300194085.0,0.0,1,3,80300000,ST,1,0
711970,,0,0,0,0,F,42.0,215,215.0,Z001,Y2,0,0,1,E13,,5300193824.0,0.0,1,84,80600000,ST,1,0
711970,,0,0,0,0,F,40.0,215,215.0,Z003,Y2,0,0,1,E13,,,,1,3,80300000,ST,1,0
708987,,0,0,0,0,F,42.0,215,215.0,Z012,Y2,0,0,1,E13,,5300151701.0,0.0,1,1,80100000,ST,1,1
702225,,0,0,0,0,F,30.0,213,213.0,Z004,TB,0,0,1,,,5300169500.0,3.0,1,63,550100000,ST,1,1
702225,,0,0,0,0,F,30.0,213,213.0,Z004,TB,0,0,1,,,5300169500.0,0.0,1,63,550100000,ST,1,1
702225,,0,0,0,0,F,30.0,213,213.0,Z004,TB,0,0,1,,,5300153568.0,3.0,1,63,550100000,ST,1,1
702225,,0,0,0,0,F,30.0,213,213.0,Z004,TB,0,0,1,,,5300163369.0,0.0,1,63,550100000,ST,1,1
702225,,0,0,0,0,F,30.0,213,213.0,Z004,TB,0,0,1,,,5300163369.0,3.0,1,63,550100000,ST,1,1
702225,,0,0,0,0,F,30.0,213,213.0,Z004,TB,0,0,1,,,5300080846.0,3.0,1,63,550100000,ST,1,1
702225,,0,0,0,0,F,40.0,213,213.0,Z004,TB,0,0,1,,,5300080847.0,3.0,1,63,550100000,ST,1,1
700415,,0,0,0,0,F,40.0,215,215.0,Z001,Z2,0,0,1,,,5300139638.0,0.0,1,84,550100000,ST,1,1
700415,,0,0,0,0,F,40.0,215,215.0,Z001,Z2,0,0,1,,,5300139638.0,3.0,1,84,550100000,ST,1,1
702225,,0,0,0,0,F,30.0,213,213.0,Z004,TB,0,0,1,,,5300021937.0,3.0,1,63,550100000,ST,1,1
702225,,0,0,0,0,F,40.0,213,213.0,Z004,TB,0,0,1,,,5300077502.0,0.0,1,63,550100000,ST,1,1
702225,,0,0,0,0,F,40.0,213,213.0,Z004,TB,0,0,1,,,5300077502.0,3.0,1,63,550100000,ST,1,1
702225,,0,0,0,0,F,30.0,213,213.0,Z004,TB,0,0,1,,,5300390790.0,3.0,1,63,550100000,ST,1,1
702225,,0,0,0,0,F,30.0,213,213.0,Z004,TB,0,0,1,,,5300157342.0,3.0,1,63,550100000,ST,1,1
703555,,0,0,0,0,F,42.0,203,203.0,Z001,Z1,0,0,1,,,5300020130.0,0.0,1,3,140700000,ST,1,0
701043,,0,0,0,0,F,42.0,228,228.0,Z001,Z1,0,0,1,,,5300040290.0,0.0,1,3,60100000,ST,1,1
3000,,0,0,0,0,F,42.0,203,203.0,Z012,Z5,0,0,1,,2000.0,5300528985.0,0.0,1,1,90300000,ST,1,1
3000,,0,0,0,0,F,42.0,203,203.0,Z001,Y4,0,0,1,E15,2000.0,5300410809.0,0.0,1,210,30201000,ST,1,1
3000,,0,0,0,0,F,42.0,213,213.0,Z012,Z1,0,0,1,,2000.0,5300529201.0,0.0,1,3,10501000,ST,1,1
3000,,0,0,0,0,F,42.0,228,228.0,Z012,Z1,0,0,1,,2000.0,5300467579.0,0.0,1,1,60100000,ST,1,1
3000,,0,0,0,0,F,42.0,213,213.0,Z008,Z7,0,0,100,,2000.0,5300362976.0,0.0,1,3,10102000,ST,1,1
3000,,0,0,0,0,F,42.0,213,213.0,Z008,Z4,0,0,100,,2000.0,5300404563.0,0.0,1,7,10102000,ST,1,1
3000,,0,0,0,0,F,42.0,213,213.0,Z012,Z3,0,0,1,,2000.0,5300529228.0,0.0,1,1,10401000,ST,1,1
3000,,0,0,0,0,F,42.0,213,213.0,Z012,Z1,0,0,1,,2100.0,5300529201.0,0.0,1,3,10501000,ST,1,1
3000,,0,0,0,0,F,42.0,228,228.0,Z001,Z4,0,0,1,,2100.0,5300530224.0,0.0,1,3,60100000,ST,1,1
3000,,0,0,0,0,F,42.0,203,203.0,Z003,Z5,0,0,1,,2100.0,5300528991.0,0.0,1,3,30202000,ST,1,1
3000,,0,0,0,0,F,42.0,213,213.0,Z008,Z7,0,0,100,,2100.0,5300362976.0,0.0,1,3,10102000,ST,1,1
3000,,0,0,0,0,F,40.0,202,202.0,Z001,Z4,0,0,100,,,,,1,2,10102000,ST,1,1
3000,,0,0,0,0,F,42.0,203,203.0,Z002,Y9,0,0,1,E11,2100.0,5300496180.0,0.0,1,3,131500000,ST,1,1
2000,,0,0,0,0,F,40.0,208,208.0,Z008,Z2,0,0,100,,,,,1,56,140100000,ST,1,1
2000,,0,0,0,0,F,42.0,215,215.0,Z001,Y4,0,0,1,E13,2100.0,5300359068.0,0.0,1,3,80100000,ST,1,1
2000,,0,0,0,0,F,42.0,215,215.0,Z001,Y4,0,0,1,E13,3000.0,5300359068.0,0.0,1,3,80100000,ST,1,1
2000,,0,0,0,0,F,40.0,231,231.0,Z008,Y4,0,0,100,E14,3000.0,5300204448.0,0.0,1,36,50500000,ST,1,1
2000,,0,0,0,0,F,40.0,203,203.0,Z012,Z1,0,0,1,,3000.0,5300294294.0,0.0,1,28,540300000,ST,1,1
701263,,0,0,0,0,F,,223,223.0,Z001,Z1,0,0,100,,,,,1,42,10103000,ST,1,0
702225,,0,0,0,0,F,,213,213.0,Z004,TB,0,0,100,,,5300170175.0,0.0,1,63,550100000,ST,1,1
702225,,0,0,0,0,F,,213,213.0,Z004,TB,0,0,100,,,5300170175.0,3.0,1,63,550100000,ST,1,1
700368,,0,0,0,0,F,,203,203.0,Z010,Y9,0,0,100,E11,,,,1,365,130700000,ST,1,1
2000,,0,0,0,0,F,,215,215.0,Z012,Z1,0,0,1,,,,,1,999,80100000,ST,1,1
2000,,0,0,0,0,F,,215,215.0,Z012,Z1,0,0,1,,,,,1,999,80100000,ST,1,1
715521,,0,0,0,0,F,,215,215.0,Z001,Y3,0,0,1,E13,,,,1,56,80300000,ST,1,1
715521,,0,0,0,0,F,,215,215.0,Z001,Y3,0,0,1,E13,,5300448626.0,0.0,1,56,80300000,ST,1,0
702225,,0,0,0,0,F,,213,213.0,Z004,TB,0,0,1,,,5300024364.0,0.0,1,63,550100000,ST,1,1
702225,,0,0,0,0,F,,213,213.0,Z004,TB,0,0,1,,,5300024364.0,3.0,1,63,550100000,ST,1,1
702225,,0,0,0,0,F,,213,213.0,Z004,TB,0,0,1,,,5300194753.0,3.0,1,63,550100000,ST,1,1
702225,,0,0,0,0,F,,213,213.0,Z004,TB,0,0,1,,,5300194753.0,0.0,1,63,550100000,ST,1,1
715521,,0,0,0,0,F,,215,215.0,Z001,Y3,0,0,1,E13,,,,1,84,80300000,ST,1,1
715521,,0,0,0,0,F,,215,215.0,Z001,Y3,0,0,1,E13,,5300448630.0,0.0,1,84,80300000,ST,1,0
701098,,0,0,0,0,F,,213,213.0,Z001,Z1,0,0,1,,,,,1,42,10502000,ST,1,0
701263,,0,0,0,0,F,,223,223.0,Z001,Z1,0,0,1,,,,,1,28,10102000,ST,1,0
702335,,0,0,0,0,F,,213,213.0,Z001,Z4,15000,6,1000,,,5300019670.0,0.0,1,56,20000000,MM,1,1
704837,,0,0,0,0,F,30.0,213,213.0,Z001,Z4,1510,1072402,1,,,5300168539.0,3.0,2,14,10401000,ST,1,1
2100,,0,0,0,0,F,41.0,203,203.0,Z003,Y5,1790,845095,1,E11,2000.0,5300199186.0,0.0,2,2,30201000,ST,1,1
2100,,0,0,0,0,F,41.0,203,203.0,Z003,Y5,1790,845095,1,E11,2700.0,5300199186.0,0.0,2,2,30201000,ST,1,1
2100,,0,0,0,0,F,41.0,203,203.0,Z003,Y5,1790,845095,1,E11,3000.0,5300199186.0,0.0,2,2,30201000,ST,1,1
2100,,0,0,0,0,F,41.0,203,203.0,Z011,Z4,2150,23849,1,,2000.0,5300196916.0,0.0,2,3,50100000,ST,1,1
2100,,0,0,0,0,F,41.0,203,203.0,Z011,Z4,2150,23849,1,,3000.0,5300196916.0,0.0,2,3,50100000,ST,1,1
702855,,0,0,0,0,F,,203,203.0,Z010,Y5,3500,1767469,1,E13,,5300196249.0,0.0,2,210,30201000,ST,1,1
700020,,0,0,0,0,F,,208,208.0,Z011,X4,17660,24598,100,E20,,5300432158.0,0.0,1,21,140700000,ST,1,1
2000,,0,0,0,0,F,40.0,213,213.0,Z012,Y4,40,2573,100,E13,2100.0,5300279786.0,0.0,1,112,60100000,ST,1,1
2000,,0,0,0,0,F,40.0,213,213.0,Z012,Y4,40,2573,100,E13,2700.0,5300279786.0,0.0,1,112,60100000,ST,1,1
2000,,0,0,0,0,F,40.0,213,213.0,Z012,Y4,40,2573,100,E13,3000.0,5300279786.0,0.0,1,112,60100000,ST,1,1
3000,,0,0,0,0,F,42.0,203,203.0,Z003,Z5,310,24598,100,,,5300378257.0,0.0,1,182,30202000,ST,1,1
3000,,0,0,0,0,F,42.0,203,203.0,Z003,Z5,310,24598,100,,2000.0,5300378257.0,0.0,1,182,30202000,ST,1,1
3000,,0,0,0,0,F,42.0,203,203.0,Z003,Z5,310,24598,100,,2100.0,5300378257.0,0.0,1,182,30202000,ST,1,1
3000,,0,0,0,0,F,42.0,208,208.0,Z012,Z2,53210,205235,100,,,,,1,1,140200000,ST,1,1
3000,,0,0,0,0,F,42.0,213,213.0,Z008,Z2,110,3025,1,,2000.0,5300459588.0,0.0,1,42,10401000,ST,1,1
2000,,0,0,0,0,F,42.0,213,213.0,Z008,Z7,20,4212,1,,2100.0,5300263650.0,0.0,1,2,10401000,ST,1,1
2000,,0,0,0,0,F,42.0,213,213.0,Z008,Z7,20,4212,1,,3000.0,5300263650.0,0.0,1,2,10401000,ST,1,1
702282,,0,0,0,0,F,30.0,215,215.0,Z001,Z3,11490,14038482,1,,,5300427444.0,3.0,1,5,80800000,ST,1,1
702282,,0,0,0,0,F,30.0,215,215.0,Z001,Z3,11490,14038482,1,,,5300427444.0,0.0,1,5,80800000,ST,1,1
702225,,0,0,0,0,F,30.0,213,213.0,Z008,WB,2030,98841,1,,,5300537422.0,0.0,1,63,10401000,ST,1,1
701318,,0,0,0,0,F,30.0,202,202.0,Z001,Y2,90,1377711,1,E13,,5300169112.0,3.0,1,42,10403000,ST,1,1
709890,,0,0,0,0,F,30.0,202,202.0,Z011,Y2,49290,3272856,1,E13,,5300419199.0,3.0,1,112,50400000,ST,1,1
709890,,0,0,0,0,F,30.0,202,202.0,Z011,Y2,44570,3110986,1,E13,,5300419200.0,3.0,1,112,50400000,ST,1,1
709890,,0,0,0,0,F,30.0,202,202.0,Z011,Y2,44570,3110986,1,E13,,5300419200.0,0.0,1,112,50400000,ST,1,1
701318,,0,0,0,0,F,30.0,202,202.0,Z001,Y9,40,947436,1,E13,,5300067309.0,3.0,1,42,10403000,ST,1,1
2100,,0,0,0,0,F,41.0,203,203.0,Z011,Y9,230,194235,1,E11,2700.0,5300199242.0,0.0,1,14,30201000,ST,1,1
2100,,0,0,0,0,F,41.0,203,203.0,Z011,Y9,230,194235,1,E11,2800.0,5300199242.0,0.0,1,14,30201000,ST,1,1
2100,,0,0,0,0,F,41.0,203,203.0,Z011,Y9,230,194235,1,E11,2000.0,5300199242.0,0.0,1,14,30201000,ST,1,1
2100,,0,0,0,0,F,41.0,203,203.0,Z011,Y9,230,194235,1,E11,3000.0,5300199242.0,0.0,1,14,30201000,ST,1,1
2100,,0,0,0,0,F,41.0,202,202.0,Z012,Z5,6970,2746289,1,,3000.0,5300197042.0,0.0,1,175,130100000,ST,1,1
2000,,0,0,0,0,F,,213,213.0,Z008,Z4,10,5816,1,,3000.0,5300231293.0,0.0,1,56,40100000,ST,1,1
714899,,0,0,0,0,F,,213,213.0,Z008,Y6,130,2539142,1,E14,,5300545754.0,0.0,1,42,10403000,ST,1,1
714899,,0,0,0,0,F,,213,213.0,Z008,Y6,130,2809078,1,E14,,5300467250.0,0.0,1,56,10403000,ST,1,1
714899,,0,0,0,0,F,,213,213.0,Z008,Y6,40,1074306,1,E14,,5300467245.0,0.0,1,56,10403000,ST,1,1
709741,,0,0,0,0,F,,213,213.0,Z008,V9,1690,1317206,1,E18,,5300195559.0,0.0,1,42,10401000,ST,1,1
701306,,0,0,0,0,F,,202,202.0,Z001,Y9,13120,5268319,1,E13,,5300387809.0,0.0,1,160,30202000,ST,1,1
701306,,0,0,0,0,F,,202,202.0,Z001,Y9,51000,21319237,1,E13,,5300387809.0,0.0,1,160,30202000,ST,1,1
702225,,0,0,0,0,F,,213,213.0,Z008,Z3,1630,462139,1,,,5300164286.0,0.0,1,56,40100000,ST,1,0
702225,,0,0,0,0,F,,213,213.0,Z004,TB,250,3663891,1,,,5300157337.0,0.0,1,63,10404000,ST,1,1
702225,,0,0,0,0,F,,213,213.0,Z008,Z3,580,1716634,1,,,5300533342.0,0.0,1,49,10401000,ST,1,0
702225,,0,0,0,0,F,,213,213.0,Z008,Z1,750,1110637,1,,,5300057780.0,0.0,1,49,10401000,ST,1,0
2000,,0,0,0,0,F,40.0,215,215.0,Z012,EX,160,260911,1,,2100.0,5300430062.0,0.0,0,999,80400000,ST,1,1
2000,,0,0,0,0,F,40.0,215,215.0,Z012,EX,160,260911,1,,3000.0,5300430062.0,0.0,0,999,80400000,ST,1,1
707605,,0,0,0,0,F,41.0,215,215.0,Z001,V4,50,5974,100,E98,,5300503719.0,0.0,1,42,580600000,ST,1,1
708008,,0,0,0,0,F,40.0,203,203.0,Z011,Y9,380,8892,100,E11,,5300191601.0,0.0,1,14,120000000,ST,1,1
702465,,0,0,0,0,F,42.0,203,203.0,Z012,Y2,30,144178,1,E11,,5300108830.0,0.0,1,1,131100000,ST,1,1
701218,,0,0,0,0,F,40.0,203,203.0,Z010,Y5,880,4455893,1,E15,,5300174394.0,0.0,1,3,70100000,ST,1,1
703002,,0,0,0,0,F,30.0,208,208.0,Z001,Y9,6590,1472206,1,E11,,5300093836.0,0.0,1,84,110600000,ST,1,1
703002,,0,0,0,0,F,30.0,208,208.0,Z001,Y9,6590,1472206,1,E11,,5300093836.0,3.0,1,84,110600000,ST,1,1
703002,,0,0,0,0,F,30.0,208,208.0,Z001,Y9,6640,1646056,1,E11,,5300004821.0,0.0,1,104,110600000,ST,1,1
703002,,0,0,0,0,F,30.0,208,208.0,Z001,Y9,6640,1646056,1,E11,,5300004821.0,3.0,1,104,110600000,ST,1,1
703002,,0,0,0,0,F,30.0,208,208.0,Z001,Y9,12080,2925776,1,E11,,5300358288.0,0.0,1,84,110600000,ST,1,1
703002,,0,0,0,0,F,30.0,208,208.0,Z001,Y9,12080,2925776,1,E11,,5300358288.0,3.0,1,84,110600000,ST,1,1
715200,,0,0,0,0,F,30.0,231,231.0,Z013,Z3,940,2407998,1,,,5300535760.0,3.0,1,28,550100000,ST,1,1
715200,,0,0,0,0,F,30.0,231,231.0,Z013,Z3,1780,6839116,1,,,5300535763.0,3.0,1,28,550100000,ST,1,1
715200,,0,0,0,0,F,30.0,231,231.0,Z008,Z3,1670,6416474,1,,,5300535763.0,3.0,1,28,550100000,ST,1,1
702225,,0,0,0,0,F,30.0,213,213.0,Z004,TB,60,167703,1,,,5300175354.0,3.0,1,63,550100000,ST,1,1
700415,,0,0,0,0,F,30.0,215,215.0,Z001,Z3,580,1576788,1,,,5300139638.0,3.0,1,84,550100000,ST,1,1
700415,,0,0,0,0,F,30.0,215,215.0,Z001,Z3,580,1576788,1,,,5300139638.0,0.0,1,84,550100000,ST,1,1
702225,,0,0,0,0,F,30.0,213,213.0,Z008,Z3,1090,307816,1,,,5300497013.0,3.0,1,70,550100000,ST,1,1
701318,,0,0,0,0,F,30.0,202,202.0,Z001,Y9,50,1153525,1,E13,,5300367575.0,3.0,1,42,10403000,ST,1,1
701318,,0,0,0,0,F,30.0,202,202.0,Z001,Y3,80,2589576,1,E13,,5300458505.0,3.0,1,42,10403000,ST,1,1
700415,,0,0,0,0,F,30.0,215,215.0,Z001,Z3,10510,3404189,1,,,5300123048.0,3.0,1,84,550100000,ST,1,1
700415,,0,0,0,0,F,30.0,215,215.0,Z001,Z3,10510,3404189,1,,,5300123048.0,0.0,1,84,550100000,ST,1,1
701318,,0,0,0,0,F,30.0,202,202.0,Z001,Y9,120,2169372,1,E13,,5300443918.0,3.0,1,42,10403000,ST,1,1
2100,,0,0,0,0,F,41.0,203,203.0,Z003,Y9,320,57997,1,E11,2700.0,5300521133.0,0.0,1,77,70600000,ST,1,1
2100,,0,0,0,0,F,41.0,203,203.0,Z003,Y9,320,57997,1,E11,2800.0,5300521133.0,0.0,1,77,70600000,ST,1,1
3000,,0,0,0,0,F,42.0,228,228.0,Z012,X4,10,2874,1,E20,2000.0,5300529258.0,0.0,1,1,10501000,ST,1,1
3000,,0,0,0,0,F,42.0,203,203.0,Z012,Y9,230,2809,1,E11,2000.0,5300497232.0,0.0,1,1,71000000,ST,1,1
3000,,0,0,0,0,F,42.0,203,203.0,Z012,Y9,30,1417,1,E11,,,,1,1,71000000,ST,1,1
3000,,0,0,0,0,F,42.0,215,215.0,Z001,Y2,30,61741,1,E13,,,,1,84,80100000,ST,1,1
2000,,0,0,0,0,F,40.0,203,203.0,Z001,Y9,80,1903,1,E14,2700.0,5300203644.0,0.0,1,14,60200000,ST,1,1
2000,,0,0,0,0,F,42.0,215,215.0,Z001,Y4,150,14878,100,E13,2100.0,5300204207.0,0.0,1,3,100202000,ST,1,1
2000,,0,0,0,0,F,40.0,215,215.0,Z012,Y6,1210,2752967,1,E13,2100.0,5300210603.0,0.0,1,105,80300000,ST,1,1
2000,,0,0,0,0,F,42.0,215,215.0,Z001,Y4,150,14878,100,E13,3000.0,5300204207.0,0.0,1,3,100202000,ST,1,1
2000,,0,0,0,0,F,40.0,203,203.0,Z002,Y9,80,888,1,E11,3000.0,5300203965.0,0.0,1,14,110500000,ST,1,1
2000,,0,0,0,0,F,40.0,203,203.0,Z001,Y9,80,1903,1,E14,3000.0,5300203644.0,0.0,1,14,60200000,ST,1,1
2000,,0,0,0,0,F,40.0,203,203.0,Z005,Y2,140,858,100,E13,3000.0,5300180564.0,0.0,1,63,100400000,ST,1,1
2000,,0,0,0,0,F,40.0,208,208.0,Z008,Z3,11650,4545625,1,,3000.0,5300205378.0,0.0,1,360,90100000,ST,1,1
2000,,0,0,0,0,F,40.0,215,215.0,Z012,Y6,1210,2752967,1,E13,3000.0,5300210603.0,0.0,1,105,80300000,ST,1,1
2000,,0,0,0,0,F,40.0,215,215.0,Z012,Y2,1050,1659489,1,E13,3000.0,5300210690.0,0.0,1,175,80100000,ST,1,1
2000,,0,0,0,0,F,40.0,215,215.0,Z012,Y5,12230,6840199,1,E13,3000.0,5300180662.0,0.0,1,999,80100000,ST,1,1
2000,,0,0,0,0,F,40.0,215,215.0,Z012,Z1,540,1072668,1,,3000.0,5300504092.0,0.0,1,84,80300000,ST,1,1
3000,,0,0,0,0,F,,231,231.0,Z001,Z1,540,23404,100,,,,,1,5,100202000,ST,1,1
700409,,0,0,0,0,F,,203,203.0,Z010,Y9,13520,5041608,1,E13,,5300150360.0,0.0,1,14,50100000,ST,1,1
705427,,0,0,0,0,F,,203,203.0,Z010,Y9,13520,5041608,1,E13,,5300151335.0,0.0,1,14,50100000,ST,1,1
714198,,0,0,0,0,F,,231,231.0,Z001,Z1,8690,5530836,1,,,5300499504.0,0.0,1,999,40100000,ST,1,1
714198,,0,0,0,0,F,,231,231.0,Z001,Z1,14840,6743307,1,,,5300499507.0,0.0,1,999,40100000,ST,1,1
714198,,0,0,0,0,F,,231,231.0,Z001,Z1,14480,7039008,1,,,5300499506.0,0.0,1,999,40100000,ST,1,1
703002,,0,0,0,0,F,,208,208.0,Z001,Z1,17260,6244749,1,,,5300538122.0,0.0,1,999,0,ST,1,1
704793,,0,0,0,0,F,,215,215.0,Z001,Z1,100,1402399,1,,,5300070573.0,0.0,1,350,80300000,ST,1,0
709909,,0,0,0,0,F,,215,215.0,Z001,Z1,70,991203,1,,,5300170153.0,0.0,1,85,100202000,ST,1,0
701710,,0,0,0,0,F,,231,231.0,Z008,Y4,1370,293728,1,E14,,5300158768.0,3.0,1,112,550100000,ST,1,1
714836,,0,0,0,0,F,,202,202.0,Z011,Y5,8200,944021,1,E11,,5300470215.0,0.0,1,180,30100000,ST,1,1
701710,,0,0,0,0,F,,231,231.0,Z008,Y5,8280,211311,1,E14,,5300047026.0,0.0,1,14,100201000,ST,1,1
702324,,0,0,0,0,F,,231,231.0,Z008,Y5,7590,190699,1,E14,,5300072235.0,0.0,1,105,100201000,ST,1,1
701710,,0,0,0,0,F,,231,231.0,Z008,Y4,1370,293728,1,E14,,5300158768.0,0.0,1,112,550100000,ST,1,1
702225,,0,0,0,0,F,,213,213.0,Z008,TB,400,2047951,1,,,5300413999.0,0.0,1,56,10402000,ST,1,1
702225,,0,0,0,0,F,,213,213.0,Z004,TB,230,948275,1,,,5300125683.0,0.0,1,63,550100000,ST,1,1
702225,,0,0,0,0,F,,213,213.0,Z004,TB,90,528628,1,,,5300175963.0,0.0,1,63,550100000,ST,1,1
702225,,0,0,0,0,F,,213,213.0,Z004,TB,90,2824364,1,,,5300175326.0,0.0,1,63,550100000,ST,1,1
702225,,0,0,0,0,F,,213,213.0,Z004,TB,260,1360889,1,,,5300163009.0,0.0,1,63,550100000,ST,1,1
702750,,0,0,0,0,F,,203,203.0,Z011,Y5,940,17586405,1,E15,,5300432096.0,0.0,1,210,30203000,ST,1,1
703531,,0,0,0,0,F,,215,215.0,Z009,Y6,49260,30415818,1,E15,,5300079357.0,0.0,1,180,80400000,ST,1,1
702225,,0,0,0,0,F,,213,213.0,Z008,Z1,3230,940352,1,,,5300148322.0,0.0,1,56,10501000,ST,1,0
702225,,0,0,0,0,F,,213,213.0,Z004,TB,4080,290496,1,,,5300024364.0,3.0,1,63,550100000,ST,1,1
702225,,0,0,0,0,F,,213,213.0,Z004,TB,4080,290496,1,,,5300024364.0,0.0,1,63,550100000,ST,1,1
718056,,0,0,0,0,F,,208,208.0,Z012,Z2,5680,2406733,1,,,5300544653.0,2.0,1,360,90100000,ST,1,1
718056,,0,0,0,0,F,,208,208.0,Z012,Z2,5680,2406733,1,,,5300544652.0,0.0,1,360,90100000,ST,1,1
2000,,0,0,0,0,F,,215,215.0,Z012,Z1,30,7899,1,,,,,1,84,80100000,ST,1,1
702686,,0,0,0,0,F,,215,215.0,Z003,Y4,50,1625,1,E13,,,,1,84,80100000,ST,1,0
701710,,0,0,0,0,F,,231,231.0,Z008,Y4,120,2700,1,E14,,5300117697.0,0.0,1,92,100100000,ST,1,1
701710,,0,0,0,0,F,,231,231.0,Z008,Y4,150,4607,1,E14,,5300002387.0,0.0,1,63,100201000,ST,1,1
701710,,0,0,0,0,F,,231,231.0,Z008,Y4,1210,39688,1,E14,,5300002387.0,0.0,1,63,100201000,ST,1,1
701710,,0,0,0,0,F,,231,231.0,Z008,Y4,30,942,1,E14,,5300170092.0,0.0,1,49,100201000,ST,1,1
701710,,0,0,0,0,F,,231,231.0,Z008,Y4,310,44051,1,E14,,5300155361.0,0.0,1,56,100201000,ST,1,1
701710,,0,0,0,0,F,,231,231.0,Z012,Y4,4500,695167,1,E14,,5300388236.0,0.0,1,99,100201000,ST,1,1
701165,,0,0,0,0,F,,202,202.0,Z011,Y3,11630,1140903,1,E13,,5300148824.0,0.0,1,196,40400000,ST,1,1
716090,,0,0,0,0,F,,202,202.0,Z011,Y9,11450,2071305,1,E15,,5300464593.0,0.0,1,105,40100000,ST,1,1
701165,,0,0,0,0,F,,202,202.0,Z011,Y5,10630,1671155,1,E13,,5300458428.0,0.0,1,170,40400000,ST,1,1
716090,,0,0,0,0,F,,202,202.0,Z011,Y2,4780,2585024,1,E15,,5300464554.0,0.0,1,105,40100000,ST,1,1
709868,,0,0,0,0,F,,202,202.0,Z011,Y9,10830,4607301,1,E13,,5300169163.0,0.0,1,105,40100000,ST,1,1
716090,,0,0,0,0,F,,202,202.0,Z011,Y9,15830,2859306,1,E15,,5300464560.0,0.0,1,105,40100000,ST,1,1
709868,,0,0,0,0,F,,202,202.0,Z011,Y9,15830,2859306,1,E15,,5300169164.0,0.0,1,105,40100000,ST,1,1
709868,,0,0,0,0,F,,202,202.0,Z011,Y9,2080,942629,1,E13,,5300169169.0,0.0,1,105,40100000,ST,1,1
716090,,0,0,0,0,F,,202,202.0,Z011,Y9,8010,1729386,1,E15,,5300464562.0,0.0,1,105,40100000,ST,1,1
709868,,0,0,0,0,F,,202,202.0,Z011,Y9,8010,1729386,1,E15,,5300169170.0,0.0,1,105,40100000,ST,1,1
716090,,0,0,0,0,F,,202,202.0,Z011,Y9,20620,1961506,1,E15,,5300464563.0,0.0,1,105,40100000,ST,1,1
716090,,0,0,0,0,F,,202,202.0,Z011,Y9,30080,2874877,1,E15,,5300464564.0,0.0,1,105,40100000,ST,1,1
716090,,0,0,0,0,F,,202,202.0,Z011,Y9,12960,4176708,1,E15,,5300464523.0,0.0,1,105,40100000,ST,1,1
716090,,0,0,0,0,F,,202,202.0,Z011,Y9,8920,2355057,1,E15,,5300464532.0,0.0,1,105,40100000,ST,1,1
716090,,0,0,0,0,F,,202,202.0,Z011,Y9,12050,3181564,1,E15,,5300464533.0,0.0,1,105,40100000,ST,1,1
716090,,0,0,0,0,F,,202,202.0,Z011,Y9,3290,1218262,1,E15,,5300464572.0,0.0,1,105,40100000,ST,1,1
716090,,0,0,0,0,F,,202,202.0,Z011,Y9,9460,2967746,1,E15,,5300464573.0,0.0,1,105,40100000,ST,1,1
716090,,0,0,0,0,F,,202,202.0,Z011,Y9,9580,2998053,1,E15,,5300464574.0,0.0,1,105,40100000,ST,1,1
702225,,0,0,0,0,F,,231,231.0,Z013,Z3,7720,2683218,1,,,5300541465.0,0.0,1,42,10401000,ST,1,1
702225,,0,0,0,0,F,,213,213.0,Z004,TB,20,1133333,1,,,5300430167.0,0.0,1,63,10404000,ST,1,1
708673,,0,0,0,0,F,,213,213.0,Z008,TB,10,1325603,1,,,5300381654.0,3.0,1,70,10404000,ST,1,1
700119,,0,0,0,0,F,,213,213.0,Z008,TB,120,3455059,1,,,5300064464.0,3.0,1,63,10403000,ST,1,1
700119,,0,0,0,0,F,,213,213.0,Z008,TB,120,3455059,1,,,5300064464.0,0.0,1,63,10403000,ST,1,1
707587,,0,0,0,0,F,,202,202.0,Z010,Z3,9810,4101495,1,,,5300162165.0,0.0,1,140,40100000,ST,1,1
702225,,0,0,0,0,F,,213,213.0,Z008,TB,120,3455059,1,,,5300430089.0,0.0,1,63,10403000,ST,1,1
714198,,0,0,0,0,F,,202,202.0,Z010,Z3,9810,4101495,1,,,5300411197.0,0.0,1,140,40100000,ST,1,1
708673,,0,0,0,0,F,,213,213.0,Z008,TB,10,1325603,1,,,5300381654.0,0.0,1,70,10404000,ST,1,1
709223,,0,0,0,0,F,,202,202.0,Z010,Z3,2080,1361984,1,,,5300387134.0,0.0,1,105,40200000,ST,1,1
709223,,0,0,0,0,F,,202,202.0,Z010,Z3,320,2120032,1,,,5300195122.0,0.0,1,98,40200000,ST,1,1
714198,,0,0,0,0,F,,231,231.0,Z001,Z1,7230,5099519,1,,,5300477081.0,0.0,1,140,40100000,ST,1,1
707587,,0,0,0,0,F,,202,202.0,Z010,Z3,5400,1130971,1,,,5300457674.0,0.0,1,168,40100000,ST,1,1
714198,,0,0,0,0,F,,231,231.0,Z001,Z1,8030,5715683,1,,,5300477080.0,0.0,1,140,40100000,ST,1,1
3000,,0,0,0,0,F,42.0,203,203.0,Z012,Y2,620,76766,1,E13,,,,1,1,50300000,ST,1,1
2100,,0,0,0,0,F,41.0,213,213.0,Z008,Z6,180,2213,1,,2000.0,5300198884.0,0.0,1,3,10103000,ST,1,1
2100,,0,0,0,0,F,41.0,213,213.0,Z008,Z6,180,2213,1,,2700.0,5300198884.0,0.0,1,3,10103000,ST,1,1
2100,,0,0,0,0,F,41.0,213,213.0,Z008,Z6,180,2213,1,,3000.0,5300198884.0,0.0,1,3,10103000,ST,1,1
702225,,0,0,0,0,F,30.0,213,213.0,Z008,Z2,4660,1495394,1,,,5300075441.0,0.0,1,56,10401000,ST,1,1
702225,,0,0,0,0,F,30.0,213,213.0,Z008,Z2,4660,1495394,1,,,5300075441.0,3.0,1,56,10401000,ST,1,1
2100,,0,0,0,0,F,41.0,228,228.0,Z001,Y9,0,0,1,E15,2000.0,5300199479.0,0.0,2,28,10402000,ST,1,1
2100,,0,0,0,0,F,41.0,228,228.0,Z001,Y9,0,0,1,E15,2901.0,5300199479.0,0.0,2,28,10402000,ST,1,1
2100,,0,0,0,0,F,41.0,228,228.0,Z001,Y9,0,0,1,E15,3000.0,5300199479.0,0.0,2,28,10402000,ST,1,1
2100,,0,0,0,0,F,41.0,228,228.0,Z001,Y8,0,0,1,E15,2000.0,5300530231.0,0.0,1,2,10401000,ST,1,1
704276,,0,0,0,0,F,,228,228.0,Z001,Y8,0,0,1,E11,,5300389565.0,0.0,1,32,10401000,ST,1,0
2100,,0,0,0,0,F,41.0,228,228.0,Z009,Y2,0,0,1,E11,2000.0,5300448055.0,0.0,1,49,40000000,ST,1,1
2100,,0,0,0,0,F,41.0,228,228.0,Z009,Y2,0,0,1,E11,3000.0,5300448055.0,0.0,1,49,40000000,ST,1,1
719295,,0,0,0,0,F,30.0,213,213.0,Z008,Y9,0,0,1,E14,,5300546220.0,0.0,1,49,10403000,ST,1,1
709558,,0,0,0,0,F,40.0,228,228.0,Z001,Z1,0,0,1,,,5300549305.0,3.0,1,3,10401000,ST,1,1
709558,,0,0,0,0,F,40.0,228,228.0,Z001,Z1,0,0,1,,,5300549304.0,3.0,1,3,10401000,ST,1,1
702225,,0,0,0,0,F,30.0,213,213.0,Z008,TB,0,0,1,,,5300172315.0,0.0,1,63,10403000,ST,1,1
715408,,0,0,0,0,F,,223,223.0,Z004,TB,0,0,1,,,5300435349.0,3.0,1,56,10403000,ST,1,1
715408,,0,0,0,0,F,,223,223.0,Z004,TB,0,0,1,,,,,1,56,10403000,ST,1,1
715408,,0,0,0,0,F,,223,223.0,Z004,TB,0,0,1,,,5300435348.0,0.0,1,56,10403000,ST,1,1
702225,,0,0,0,0,F,,213,213.0,Z008,TB,0,0,1,,,5300373485.0,0.0,1,63,10403000,ST,1,1
702225,,0,0,0,0,F,,213,213.0,Z008,TB,0,0,1,,,5300373485.0,3.0,1,63,10403000,ST,1,1
702225,,0,0,0,0,F,,213,213.0,Z004,TB,0,0,1,,,5300360958.0,0.0,1,63,10404000,ST,1,1
700119,,0,0,0,0,F,,228,228.0,Z008,Y9,0,0,1,E15,,5300191140.0,0.0,1,42,10403000,ST,1,1
700119,,0,0,0,0,F,,228,228.0,Z008,Y9,0,0,1,E15,,5300191141.0,0.0,1,42,10403000,ST,1,1
700119,,0,0,0,0,F,,228,228.0,Z008,Y9,0,0,1,E15,,5300191142.0,0.0,1,42,10403000,ST,1,1
700119,,0,0,0,0,F,,228,228.0,Z008,Y9,0,0,1,E15,,5300191143.0,0.0,1,42,10403000,ST,1,1
700119,,0,0,0,0,F,,228,228.0,Z008,Y9,0,0,1,E15,,5300191142.0,0.0,1,42,10403000,ST,1,1
700119,,0,0,0,0,F,,228,228.0,Z008,Y9,0,0,1,E15,,5300191143.0,0.0,1,42,10403000,ST,1,1
700119,,0,0,0,0,F,,228,228.0,Z001,Y2,0,0,1,E15,,5300191140.0,0.0,1,42,10403000,ST,1,1
700119,,0,0,0,0,F,,228,228.0,Z001,Y2,0,0,1,E15,,5300191141.0,0.0,1,42,10403000,ST,1,1
704276,,0,0,0,0,F,30.0,228,228.0,Z001,Y2,0,0,1,E14,,5300455536.0,3.0,1,42,40000000,ST,1,1
704276,,0,0,0,0,F,30.0,228,228.0,Z001,Y2,0,0,1,E14,,5300456312.0,3.0,1,42,40000000,ST,1,1
704276,,0,0,0,0,F,41.0,228,228.0,Z001,Y2,0,0,1,E14,,5300455536.0,3.0,1,42,40000000,ST,1,1
704276,,0,0,0,0,F,41.0,228,228.0,Z001,Y2,0,0,1,E14,,5300455535.0,3.0,1,42,10401000,ST,1,1
714198,,0,0,0,0,F,,231,231.0,Z001,Z1,0,0,1,,,5300477081.0,0.0,1,999,40100000,ST,1,1
714198,,0,0,0,0,F,,231,231.0,Z001,Z1,0,0,1,,,5300477080.0,0.0,1,999,40100000,ST,1,1
702225,,0,0,0,0,F,,231,231.0,Z012,Z1,0,0,1,,,5300540484.0,0.0,1,70,10401000,ST,1,1
702225,,0,0,0,0,F,,231,231.0,Z012,Z1,0,0,1,,,5300540485.0,0.0,1,70,10401000,ST,1,1
702225,,0,0,0,0,F,,231,231.0,Z012,Z1,0,0,1,,,5300541464.0,0.0,1,70,10401000,ST,1,1
702225,,0,0,0,0,F,,231,231.0,Z012,Z1,0,0,1,,,5300541465.0,0.0,1,70,10401000,ST,1,1
704926,4600009210.0,90,42,0,0,F,30.0,223,223.0,Z001,Z1,0,0,1,,,5300357259.0,3.0,1,42,10403000,ST,1,1
704926,4600009210.0,90,42,0,0,F,30.0,223,223.0,Z001,Y2,0,0,1,E13,,5300357259.0,3.0,1,42,10403000,ST,1,1
716048,4600011849.0,50,42,0,0,F,30.0,223,223.0,Z010,Z2,0,0,1,,,5300468047.0,3.0,1,42,10401000,ST,1,1
716048,4600011849.0,50,42,0,0,F,30.0,223,223.0,Z010,Z2,0,0,1,,,5300468047.0,0.0,1,42,10401000,ST,1,1
716069,4600012307.0,30,56,0,0,F,,228,228.0,Z008,Y9,0,0,1,E15,,5300507745.0,0.0,1,42,10403000,ST,1,1
716069,4600012307.0,40,56,0,0,F,,228,228.0,Z008,Y9,0,0,1,E15,,5300507748.0,0.0,1,42,10403000,ST,1,1
709741,5500008897.0,30,42,42,42,F,,213,213.0,Z008,X5,0,0,1,E20,,5300496816.0,0.0,1,42,10403000,ST,1,1
704926,4600012419.0,130,42,0,0,F,30.0,223,223.0,Z008,Z3,0,0,1,,,5300173749.0,0.0,1,42,10403000,ST,1,1
704926,4600012419.0,60,42,0,0,F,30.0,223,223.0,Z008,Z3,0,0,1,,,5300173751.0,0.0,1,42,10403000,ST,1,1
704926,4600012419.0,120,42,0,0,F,30.0,223,223.0,Z008,Z3,0,0,1,,,5300177434.0,0.0,1,56,10402000,ST,1,1
716069,4600012307.0,30,56,0,0,F,,228,228.0,Z008,Y9,0,0,1,E15,,5300507745.0,0.0,1,42,10403000,ST,1,1
716069,4600012307.0,40,56,0,0,F,,228,228.0,Z008,Y9,0,0,1,E15,,5300507748.0,0.0,1,42,10403000,ST,1,1
708618,5500001827.0,30,35,35,70,F,30.0,213,213.0,Z008,TB,0,0,1,,,5300178623.0,0.0,1,63,10403000,ST,1,1
709741,5500008897.0,30,42,42,42,F,,213,213.0,Z008,X5,0,0,1,E20,,5300496816.0,3.0,1,42,10403000,ST,1,1
704926,4600012419.0,130,42,0,0,F,30.0,223,223.0,Z008,Z3,0,0,1,,,5300173749.0,3.0,1,42,10403000,ST,1,1
704926,4600012419.0,60,42,0,0,F,30.0,223,223.0,Z008,Z3,0,0,1,,,5300173751.0,3.0,1,42,10403000,ST,1,1
704926,4600012419.0,120,42,0,0,F,30.0,223,223.0,Z008,Z3,0,0,1,,,5300177434.0,3.0,1,56,10402000,ST,1,1
708618,5500001827.0,30,35,35,70,F,30.0,213,213.0,Z008,TB,0,0,1,,,5300178623.0,3.0,1,63,10403000,ST,1,1
708618,5500003325.0,20,14,14,42,F,,213,213.0,Z004,TB,0,0,1,,,5300191820.0,0.0,1,63,10404000,ST,1,1
709741,5500008897.0,20,42,42,42,F,,213,213.0,Z008,X5,0,0,1,E20,,5300496814.0,3.0,1,42,10403000,ST,1,1
702225,5500008899.0,20,42,42,112,F,30.0,213,213.0,Z008,TB,0,0,1,,,5300389523.0,3.0,1,63,10403000,ST,1,1
709741,5500008898.0,20,42,42,42,F,30.0,213,213.0,Z008,V9,0,0,1,E18,,5300408325.0,3.0,1,42,10402000,ST,1,1
700119,4600009898.0,20,42,0,0,F,30.0,228,228.0,Z008,Y9,0,0,1,E15,,5300093604.0,3.0,1,42,10403000,ST,1,1
700119,4600007224.0,20,42,0,0,F,,228,228.0,Z001,Y2,0,0,1,E15,,5300064465.0,3.0,1,42,10403000,ST,1,1
700119,4600007225.0,20,42,0,0,F,,228,228.0,Z001,Y2,0,0,1,E15,,5300064466.0,3.0,1,42,10403000,ST,1,1
700119,4600007226.0,20,42,0,0,F,,228,228.0,Z001,Y2,0,0,1,E15,,5300086235.0,3.0,1,42,10403000,ST,1,1
700119,4600007227.0,20,42,0,0,F,,228,228.0,Z001,Y2,0,0,1,E15,,5300086234.0,3.0,1,42,10403000,ST,1,1
709741,5500008897.0,20,42,42,42,F,,213,213.0,Z008,X5,0,0,1,E20,,5300496814.0,0.0,1,42,10403000,ST,1,1
700119,4600009898.0,20,42,0,0,F,30.0,228,228.0,Z008,Y9,0,0,1,E15,,5300093604.0,0.0,1,42,10403000,ST,1,1
704926,4600012195.0,20,42,0,0,F,,223,223.0,Z001,Y2,0,0,1,E11,,5300494614.0,0.0,1,42,10401000,ST,1,1
700119,4600007224.0,20,42,0,0,F,,228,228.0,Z001,Y2,0,0,1,E15,,5300064465.0,0.0,1,42,10403000,ST,1,1
700119,4600007225.0,20,42,0,0,F,,228,228.0,Z001,Y2,0,0,1,E15,,5300064466.0,0.0,1,42,10403000,ST,1,1
700119,4600007226.0,20,42,0,0,F,,228,228.0,Z001,Y2,0,0,1,E15,,5300086235.0,0.0,1,42,10403000,ST,1,1
700119,4600007227.0,20,42,0,0,F,,228,228.0,Z001,Y2,0,0,1,E15,,5300086234.0,0.0,1,42,10403000,ST,1,1
716069,4600012307.0,20,56,0,0,F,,228,228.0,Z008,Y9,0,0,1,E15,,5300507746.0,0.0,1,42,10403000,ST,1,1
708618,5500000200.0,20,14,14,56,F,,228,228.0,Z008,Z3,0,0,1,,,5300143327.0,0.0,1,56,10403000,ST,1,1
700119,4600007224.0,20,42,0,0,F,,228,228.0,Z001,Y2,0,0,1,E15,,5300064465.0,0.0,1,42,10403000,ST,1,1
700119,4600007224.0,20,42,0,0,F,,228,228.0,Z001,Y2,0,0,1,E15,,5300064465.0,3.0,1,42,10403000,ST,1,1
700119,4600007225.0,20,42,0,0,F,,228,228.0,Z001,Y2,0,0,1,E15,,5300064466.0,0.0,1,42,10403000,ST,1,1
700119,4600007225.0,20,42,0,0,F,,228,228.0,Z001,Y2,0,0,1,E15,,5300064466.0,3.0,1,42,10403000,ST,1,1
700119,4600007226.0,20,42,0,0,F,,228,228.0,Z001,Y2,0,0,1,E15,,5300086235.0,0.0,1,42,10403000,ST,1,1
700119,4600007226.0,20,42,0,0,F,,228,228.0,Z001,Y2,0,0,1,E15,,5300086235.0,3.0,1,42,10403000,ST,1,1
700119,4600007227.0,20,42,0,0,F,,228,228.0,Z001,Y2,0,0,1,E15,,5300086234.0,0.0,1,42,10403000,ST,1,1
700119,4600007227.0,20,42,0,0,F,,228,228.0,Z001,Y2,0,0,1,E15,,5300086234.0,3.0,1,42,10403000,ST,1,1
704926,5500002558.0,20,42,42,42,F,,223,223.0,Z001,Z6,0,0,1,,,5300358240.0,0.0,1,42,10402000,ST,1,0
716048,4600012501.0,20,42,0,0,F,30.0,223,223.0,Z010,Z1,0,0,1,,,5300468047.0,0.0,1,42,10401000,ST,1,1
716069,4600012307.0,20,56,0,0,F,,228,228.0,Z001,Y2,0,0,1,E15,,5300507746.0,0.0,1,42,10403000,ST,1,1
708618,5500003323.0,20,14,14,56,F,,228,228.0,Z008,Z3,0,0,1,,,5300143327.0,0.0,1,14,10403000,ST,1,1
716048,4600012501.0,20,42,0,0,F,30.0,223,223.0,Z010,Z1,0,0,1,,,5300468047.0,3.0,1,42,10401000,ST,1,1
704926,4600012950.0,20,42,0,0,F,30.0,223,223.0,Z008,Z3,0,0,1,,,5300091115.0,3.0,1,42,10402000,ST,1,1
700722,5500008680.0,10,28,28,70,F,,228,228.0,Z001,Y6,0,0,1,E15,,5300023951.0,0.0,2,56,10401000,ST,1,1
709741,5500006449.0,10,42,42,42,F,,213,213.0,Z008,X5,0,0,1,E20,,5300496813.0,3.0,1,42,10403000,ST,1,1
709741,5500006450.0,10,42,42,42,F,,213,213.0,Z008,X5,0,0,1,E20,,5300496814.0,3.0,1,42,10403000,ST,1,1
709741,5500006451.0,10,42,42,42,F,,213,213.0,Z008,X5,0,0,1,E20,,5300496816.0,3.0,1,42,10403000,ST,1,1
702225,5500006583.0,10,42,42,112,F,30.0,213,213.0,Z008,TB,0,0,1,,,5300389522.0,3.0,1,42,10403000,ST,1,1
702225,5500006585.0,10,42,42,112,F,30.0,213,213.0,Z008,TB,0,0,1,,,5300389524.0,3.0,1,42,10403000,ST,1,1
700119,4600007995.0,10,14,0,0,F,,228,228.0,Z001,Y2,0,0,1,E15,,5300093347.0,3.0,1,42,10402000,ST,1,1
700119,4600008716.0,10,14,0,0,F,,228,228.0,Z001,Y2,0,0,1,E15,,5300110553.0,3.0,1,42,10403000,ST,1,1
700119,4600007994.0,10,14,0,0,F,30.0,228,228.0,Z001,Y2,0,0,1,E15,,5300139064.0,3.0,1,42,10403000,ST,1,1
700119,4600008717.0,10,14,0,0,F,30.0,228,228.0,Z001,Y2,0,0,1,E15,,5300112080.0,3.0,1,42,10403000,ST,1,1
700808,4600007559.0,10,140,0,0,F,40.0,215,215.0,Z001,Z0,0,0,1,,,5300010654.0,3.0,1,3,80800000,ST,1,1
709741,5500006449.0,10,42,42,42,F,,213,213.0,Z008,X5,0,0,1,E20,,5300496813.0,0.0,1,42,10403000,ST,1,1
709741,5500006450.0,10,42,42,42,F,,213,213.0,Z008,X5,0,0,1,E20,,5300496814.0,0.0,1,42,10403000,ST,1,1
709741,5500006451.0,10,42,42,42,F,,213,213.0,Z008,X5,0,0,1,E20,,5300496816.0,0.0,1,42,10403000,ST,1,1
702399,4600012786.0,10,42,0,0,F,,228,228.0,Z012,Z1,0,0,1,,,5300494705.0,0.0,1,42,10401000,ST,1,1
700119,4600009907.0,10,42,0,0,F,,228,228.0,Z008,Y9,0,0,1,E15,,5300191448.0,0.0,1,42,10403000,ST,1,1
700119,4600007995.0,10,14,0,0,F,,228,228.0,Z001,Y2,0,0,1,E15,,5300093347.0,0.0,1,42,10402000,ST,1,1
700119,4600008716.0,10,14,0,0,F,,228,228.0,Z001,Y2,0,0,1,E15,,5300110553.0,0.0,1,42,10403000,ST,1,1
702225,5500005005.0,10,42,42,98,F,,213,213.0,Z008,TB,0,0,1,,,5300143290.0,0.0,1,42,10403000,ST,1,1
716069,4600012307.0,10,56,0,0,F,,228,228.0,Z008,Y9,0,0,1,E15,,5300507747.0,0.0,1,42,10403000,ST,1,1
700808,4600007559.0,10,140,0,0,F,40.0,215,215.0,Z001,Z0,0,0,1,,,5300010654.0,0.0,1,3,80800000,ST,1,1
704926,4600012419.0,10,42,0,0,F,30.0,223,223.0,Z001,Z1,0,0,1,,,5300108980.0,0.0,1,42,10402000,ST,1,1
704926,4600012419.0,10,42,0,0,F,30.0,223,223.0,Z001,Z1,0,0,1,,,5300108980.0,3.0,1,42,10402000,ST,1,1
700119,4600008716.0,10,14,0,0,F,,228,228.0,Z001,Y2,0,0,1,E15,,5300110553.0,0.0,1,42,10403000,ST,1,1
700119,4600008716.0,10,14,0,0,F,,228,228.0,Z001,Y2,0,0,1,E15,,5300110553.0,3.0,1,42,10403000,ST,1,1
700585,4600010906.0,10,56,0,0,F,,203,203.0,Z010,Y5,0,0,1,E14,,5300057715.0,3.0,1,56,30203000,ST,1,1
700585,5500008004.0,10,14,14,182,F,,203,203.0,Z010,Y5,0,0,1,E14,,5300409343.0,0.0,1,84,40100000,ST,1,1
700585,4600010906.0,10,56,0,0,F,,203,203.0,Z010,Y5,0,0,1,E14,,5300057715.0,0.0,1,56,30203000,ST,1,1
709741,5500008943.0,10,42,42,42,F,,213,213.0,Z008,V9,0,0,1,E18,,5300386689.0,0.0,1,42,10401000,ST,1,1
700000,4600012854.0,10,42,0,0,F,,223,223.0,Z001,Z1,0,0,1,,,5300368206.0,0.0,1,42,10401000,ST,1,1
714106,5500007174.0,10,42,42,42,F,,213,213.0,Z008,TB,0,0,1,,,5300409234.0,0.0,1,63,10403000,ST,1,1
716069,4600012307.0,10,56,0,0,F,,228,228.0,Z001,Y2,0,0,1,E15,,5300507747.0,0.0,1,42,10403000,ST,1,1
702225,5500006584.0,10,42,42,112,F,30.0,213,213.0,Z008,TB,0,0,1,,,5300389522.0,3.0,1,42,10403000,ST,1,1
704926,5500004789.0,10,42,42,42,F,30.0,213,213.0,Z008,Y9,0,0,1,E14,,5300392188.0,3.0,1,49,10403000,ST,1,1
714106,5500007174.0,10,42,42,42,F,,213,213.0,Z008,TB,0,0,1,,,5300409234.0,3.0,1,63,10403000,ST,1,1
709741,5500008557.0,20,42,42,42,F,30.0,213,213.0,Z008,V9,30,258318,1,E18,,5300408325.0,3.0,1,42,10402000,ST,1,1
700074,4600012860.0,20,28,0,0,F,,202,202.0,Z001,Y5,19300,4328156,1,E12,,5300373590.0,0.0,1,154,40100000,ST,1,1
704926,5500006176.0,10,42,42,42,F,30.0,213,213.0,Z008,X5,40,35982,1,E20,,5300494367.0,3.0,1,42,10403000,ST,1,1
709741,5500006269.0,10,42,42,42,F,30.0,213,213.0,Z008,X5,40,35982,1,E20,,5300494411.0,3.0,1,42,10403000,ST,1,1
704926,5500006172.0,10,42,42,42,F,30.0,213,213.0,Z008,X5,20,17991,1,E20,,5300494362.0,3.0,1,42,10403000,ST,1,1
709741,5500006270.0,10,42,42,42,F,30.0,213,213.0,Z008,X5,20,17991,1,E20,,5300494412.0,3.0,1,42,10403000,ST,1,1
709741,5500008557.0,10,42,42,42,F,30.0,213,213.0,Z008,V9,100,86106,1,E18,,5300408326.0,3.0,1,42,10402000,ST,1,1
716508,4600012881.0,10,80,0,0,F,,202,202.0,Z011,Y5,10630,1671155,1,E13,,5300470818.0,0.0,1,170,40400000,ST,1,1
700000,4600012699.0,10,42,0,0,F,,223,223.0,Z001,X2,400,3920,100,E20,,5300386010.0,0.0,1,42,10102000,ST,1,1
700074,4600012860.0,10,28,0,0,F,,202,202.0,Z001,Y5,9260,2102286,1,E12,,5300373591.0,0.0,1,28,40100000,ST,1,1
700074,4600011025.0,10,28,0,0,F,,202,202.0,Z010,Z1,5400,1423179,1,,,5300150443.0,0.0,1,168,40400000,ST,1,1
700074,4600012301.0,10,28,0,0,F,,202,202.0,Z005,Z2,7030,1313356,1,,,5300150444.0,0.0,1,200,40400000,ST,1,1
700585,5500007998.0,10,14,14,182,F,,203,203.0,Z010,Y5,5000,178750,1,E14,,5300385078.0,0.0,1,84,40100000,ST,1,1
715408,4600012134.0,50,56,0,0,F,30.0,223,223.0,Z004,TB,30,1182702,1,,,5300436123.0,3.0,1,56,10403000,ST,1,1
715408,4600012134.0,60,56,0,0,F,30.0,223,223.0,Z004,TB,30,1178955,1,,,5300436124.0,3.0,1,56,10403000,ST,1,1
715408,4600012887.0,50,56,0,0,F,,223,223.0,Z004,TB,30,919788,1,,,5300436350.0,0.0,1,56,10403000,ST,1,1
715408,4600012906.0,80,56,0,0,F,30.0,223,223.0,Z013,TB,50,669265,1,,,5300548438.0,3.0,1,56,10403000,ST,1,1
715408,4600012826.0,30,56,0,0,F,30.0,223,223.0,Z013,TB,130,1238468,1,,,5300544752.0,3.0,1,56,10403000,ST,1,1
715408,4600012826.0,40,56,0,0,F,30.0,223,223.0,Z013,TB,130,1232916,1,,,5300544753.0,3.0,1,56,10403000,ST,1,1
715408,4600012906.0,50,56,0,0,F,30.0,223,223.0,Z013,TB,90,939402,1,,,5300548433.0,3.0,1,56,10400000,ST,1,1
715408,4600012826.0,30,56,0,0,F,30.0,223,223.0,Z013,TB,130,1238468,1,,,5300544752.0,0.0,1,56,10403000,ST,1,1
715408,4600012826.0,40,56,0,0,F,30.0,223,223.0,Z013,TB,130,1232916,1,,,5300544753.0,0.0,1,56,10403000,ST,1,1
709890,4600012023.0,30,112,0,0,F,42.0,202,202.0,Z011,Y9,38260,2728778,100,E13,,5300466908.0,3.0,1,3,50400000,ST,1,1
709890,4600012023.0,30,112,0,0,F,30.0,202,202.0,Z011,Y9,44270,3157425,100,E13,,5300466908.0,3.0,1,112,50400000,ST,1,1
709890,4600012023.0,50,112,0,0,F,42.0,202,202.0,Z011,Y9,30380,2151481,100,E13,,5300466907.0,3.0,1,3,50400000,ST,1,1
709890,4600012023.0,50,112,0,0,F,30.0,202,202.0,Z011,Y9,50000,354095,100,E13,,5300466907.0,3.0,1,112,50400000,ST,1,1
709890,4600012023.0,30,112,0,0,F,42.0,202,202.0,Z011,Y9,38260,2728778,100,E13,,5300466908.0,0.0,1,3,50400000,ST,1,1
709890,4600012023.0,30,112,0,0,F,30.0,202,202.0,Z011,Y9,44270,3157425,100,E13,,5300466908.0,0.0,1,112,50400000,ST,1,1
709890,4600012023.0,50,112,0,0,F,42.0,202,202.0,Z011,Y9,30380,2151481,100,E13,,5300466907.0,0.0,1,3,50400000,ST,1,1
709890,4600012023.0,50,112,0,0,F,30.0,202,202.0,Z011,Y9,50000,354095,100,E13,,5300466907.0,0.0,1,112,50400000,ST,1,1
702795,4600011799.0,30,119,0,0,F,40.0,233,233.0,Z011,Y9,1730,84446,1,E13,,5300049841.0,0.0,1,119,60000000,ST,1,1
702795,4600011801.0,30,140,0,0,F,40.0,233,233.0,Z011,Y2,940,58056,100,E13,,5300150366.0,0.0,1,119,60100000,ST,1,1
701165,4600012165.0,40,28,0,0,F,,202,202.0,Z011,Y6,2000,21037,1,E13,,5300039253.0,0.0,1,196,40400000,ST,1,0
702795,4600011800.0,30,42,0,0,F,40.0,233,233.0,Z011,Y2,90,9344,1,E13,,5300056209.0,0.0,1,21,60100000,ST,1,1
715408,4600012085.0,20,42,0,0,F,30.0,223,223.0,Z004,TB,20,605886,1,,,5300436537.0,3.0,1,56,10403000,ST,1,1
701306,4600011191.0,20,42,0,0,F,,202,202.0,Z001,Y9,2120,1037401,1,E13,,5300427271.0,0.0,1,182,30202000,ST,1,1
701306,4600012130.0,20,42,0,0,F,,202,202.0,Z001,Y9,3610,913696,1,E13,,5300507501.0,0.0,1,182,30202000,ST,1,1
701306,4600012030.0,20,42,0,0,F,,202,202.0,Z001,Y9,20330,1014408,1,E13,,5300387808.0,0.0,1,182,30202000,ST,1,1
715408,4600011914.0,20,56,0,0,F,30.0,223,223.0,Z004,TB,30,74190,1,,,5300436353.0,3.0,1,56,10403000,ST,1,1
709890,4600012563.0,20,28,0,0,F,30.0,202,202.0,Z011,Y9,29100,2061995,100,E13,,5300496225.0,3.0,1,112,50400000,ST,1,1
709890,4600012563.0,20,28,0,0,F,30.0,202,202.0,Z011,Y9,29100,2061995,100,E13,,5300496225.0,0.0,1,112,50400000,ST,1,1
701306,4600011998.0,20,42,0,0,F,,202,202.0,Z001,Y9,15500,5755486,1,E13,,5300419936.0,0.0,1,182,30202000,ST,1,1
701306,4600012130.0,20,42,0,0,F,,202,202.0,Z001,Y5,7340,2277261,1,E13,,5300507501.0,0.0,1,182,30202000,ST,1,1
715408,4600012547.0,20,56,0,0,F,30.0,223,223.0,Z004,TB,10,321741,1,,,5300436673.0,0.0,1,56,10403000,ST,1,1
701306,4600012020.0,20,42,0,0,F,,202,202.0,Z001,Y9,6200,1490693,1,E13,,5300387812.0,0.0,1,182,30202000,ST,1,1
715408,4600012547.0,20,56,0,0,F,30.0,223,223.0,Z004,TB,10,321741,1,,,5300436673.0,3.0,1,56,10403000,ST,1,1
702795,4600011800.0,20,42,0,0,F,40.0,233,233.0,Z011,Y3,380,3848,1,E13,,5300193452.0,0.0,1,140,60100000,ST,1,1
702795,4600011799.0,20,114,0,0,F,40.0,233,233.0,Z011,Y3,40,4961,100,E13,,5300190032.0,0.0,1,21,60100000,ST,1,1
701318,5500000007.0,20,12,12,42,F,30.0,702,702.0,Z001,Y9,20,436232,1,E13,,5300067187.0,0.0,1,42,10403000,ST,1,1
701318,5500000007.0,20,12,12,42,F,30.0,702,702.0,Z001,Y9,20,436232,1,E13,,5300067187.0,3.0,1,42,10403000,ST,1,1
709310,5500000195.0,20,21,21,91,F,,708,708.0,Z011,Y9,103460,4054037,1,E13,,5300156989.0,0.0,10,7,90300000,ST,1,1
709310,5500000194.0,20,21,21,91,F,,708,708.0,Z011,Y2,4780,211257,1,E13,,5300156990.0,0.0,15,21,90300000,ST,1,1
702225,5500006576.0,20,42,42,84,F,30.0,213,213.0,Z004,TB,67840,5691776,100,,,5300193309.0,3.0,1,42,550100000,ST,1,1
700000,4600012657.0,20,42,0,0,F,,223,223.0,Z001,X9,360,498542,1,E20,,5300387099.0,3.0,1,42,550100000,ST,1,1
700000,4600012657.0,20,42,0,0,F,,223,223.0,Z001,X9,360,498542,1,E20,,5300387099.0,0.0,1,42,550100000,ST,1,1
700000,4600012274.0,20,42,0,0,F,,223,223.0,Z001,X2,730,134685,100,E20,,5300156733.0,0.0,1,42,10502000,ST,1,1
711970,5500002135.0,20,150,150,150,F,,715,715.0,Z001,Y5,4240,1782099,1,E13,,5300193915.0,0.0,1,84,80100000,ST,1,1
702686,5500001956.0,20,28,28,112,F,,715,715.0,Z003,Y6,230,109938,1,E13,,5300095666.0,0.0,1,84,80100000,ST,1,1
708235,5500000849.0,20,14,14,42,F,,715,715.0,Z008,Y7,650,81319,1,E13,,5300137072.0,0.0,1,42,80200000,ST,1,1
709890,4600011305.0,20,112,0,0,F,30.0,202,202.0,Z011,Y9,0,0,100,E13,,5300384943.0,3.0,1,112,50400000,ST,1,1
709890,4600011305.0,20,112,0,0,F,30.0,202,202.0,Z011,Y9,0,0,100,E13,,5300384943.0,0.0,1,112,50400000,ST,1,1
715408,4600012721.0,30,56,0,0,F,30.0,223,223.0,Z004,TB,0,0,1,,,5300436166.0,3.0,1,56,10402000,ST,1,1
715408,4600012721.0,60,56,0,0,F,30.0,223,223.0,Z004,TB,0,0,1,,,5300436214.0,3.0,1,56,10403000,ST,1,1
702584,5500002102.0,20,28,28,84,F,10.0,203,203.0,Z010,Y9,0,0,1,E13,,5300136806.0,2.0,1,28,70700000,ST,1,1
702584,5500002102.0,20,28,28,84,F,10.0,203,203.0,Z010,Y9,0,0,1,E13,,5300136806.0,0.0,1,28,70700000,ST,1,1
715408,4600012893.0,20,84,0,0,F,30.0,223,223.0,Z004,TB,0,0,1,,,5300461803.0,0.0,1,56,10403000,ST,1,1
715408,4600012893.0,20,84,0,0,F,30.0,223,223.0,Z004,TB,0,0,1,,,5300461803.0,3.0,1,56,10403000,ST,1,1
715408,4600012721.0,40,56,0,0,F,30.0,223,223.0,Z004,TB,0,0,1,,,5300436170.0,3.0,1,56,10403000,ST,1,1
715408,4600012887.0,20,56,0,0,F,30.0,223,223.0,Z004,TB,0,0,1,,,5300436335.0,0.0,1,56,10403000,ST,1,1
715408,4600012887.0,20,56,0,0,F,30.0,223,223.0,Z004,TB,0,0,1,,,5300436335.0,3.0,1,56,10403000,ST,1,1
715408,4600012887.0,20,56,0,0,F,30.0,223,223.0,Z004,TB,0,0,1,,,5300436336.0,3.0,1,56,10403000,ST,1,1
715408,4600012887.0,30,56,0,0,F,30.0,223,223.0,Z004,TB,0,0,1,,,5300436337.0,0.0,1,56,10403000,ST,1,1
715408,4600012887.0,30,56,0,0,F,30.0,223,223.0,Z004,TB,0,0,1,,,5300436337.0,3.0,1,56,10403000,ST,1,1
715408,4600012887.0,30,56,0,0,F,30.0,223,223.0,Z004,TB,0,0,1,,,5300436338.0,3.0,1,56,10403000,ST,1,1
715408,4600012906.0,90,56,0,0,F,30.0,223,223.0,Z013,TB,0,0,1,,,5300548429.0,3.0,1,56,10403000,ST,1,1
701318,5500000006.0,20,12,12,42,F,30.0,702,702.0,Z001,Z3,0,0,1,,,5300067187.0,3.0,1,42,10403000,ST,1,1
715408,4600012132.0,70,56,0,0,F,30.0,223,223.0,Z004,TB,0,0,1,,,5300436666.0,3.0,1,56,10403000,ST,1,1
715408,4600012132.0,70,56,0,0,F,30.0,223,223.0,Z004,TB,0,0,1,,,5300436667.0,3.0,1,56,10403000,ST,1,1
701318,5500000006.0,20,12,12,42,F,30.0,702,702.0,Z001,Z3,0,0,1,,,5300067187.0,0.0,1,42,10403000,ST,1,1
715408,4600012132.0,70,56,0,0,F,30.0,223,223.0,Z004,TB,0,0,1,,,5300436666.0,0.0,1,56,10403000,ST,1,1
715408,4600011261.0,30,42,0,0,F,30.0,223,223.0,Z004,TB,0,0,1,,,5300436124.0,3.0,1,56,10403000,ST,1,1
715408,4600012887.0,40,56,0,0,F,30.0,223,223.0,Z004,TB,0,0,1,,,5300436349.0,3.0,1,56,10403000,ST,1,1
715408,4600012547.0,20,56,0,0,F,30.0,223,223.0,Z004,TB,0,0,1,,,5300436673.0,3.0,1,42,10403000,ST,1,1
715408,4600012134.0,20,56,0,0,F,30.0,223,223.0,Z004,TB,0,0,1,,,5300436334.0,3.0,1,56,10403000,ST,1,1
715408,4600012547.0,20,56,0,0,F,30.0,223,223.0,Z004,TB,0,0,1,,,5300436673.0,0.0,1,42,10403000,ST,1,1
700000,4600012657.0,20,42,0,0,F,,223,223.0,Z001,V3,0,0,1,E19,,5300387099.0,3.0,1,42,550100000,ST,1,1
715408,4600012887.0,20,56,0,0,F,30.0,223,223.0,Z004,TB,0,0,1,,,5300436335.0,3.0,1,56,10403000,ST,1,1
715408,4600012887.0,20,56,0,0,F,30.0,223,223.0,Z004,TB,0,0,1,,,5300436336.0,3.0,1,56,10403000,ST,1,1
715408,4600012134.0,30,56,0,0,F,40.0,223,223.0,Z004,TB,0,0,1,,,5300436335.0,3.0,1,56,10403000,ST,1,1
715408,4600012134.0,30,56,0,0,F,40.0,223,223.0,Z004,TB,0,0,1,,,5300436336.0,3.0,1,56,10403000,ST,1,1
700000,4600012657.0,20,42,0,0,F,,223,223.0,Z001,V3,0,0,1,E19,,5300387099.0,0.0,1,42,550100000,ST,1,1
715408,4600012887.0,20,56,0,0,F,30.0,223,223.0,Z004,TB,0,0,1,,,5300436335.0,0.0,1,56,10403000,ST,1,1
715408,4600012134.0,30,56,0,0,F,40.0,223,223.0,Z004,TB,0,0,1,,,5300436335.0,0.0,1,56,10403000,ST,1,1
701528,4600006849.0,20,28,0,0,F,40.0,233,233.0,Z011,Y6,0,0,1,E15,,5300151278.0,0.0,1,3,60100000,ST,1,1
704035,4600012744.0,10,28,0,0,F,40.0,215,215.0,Z001,Y4,22920,4326,1000,E13,,5300095035.0,0.0,1,3,100300000,MM,1,1
701710,5500006536.0,10,14,14,42,F,,231,231.0,Z011,Z9,701600,17999,1000,,,5300143552.0,0.0,1,35,100201000,MM,1,1
700235,4600007912.0,10,56,0,0,F,41.0,213,213.0,Z003,TB,0,0,1,,,5300111581.0,3.0,2,2,10403000,ST,1,1
700235,4600007913.0,10,56,0,0,F,41.0,213,213.0,Z003,TB,0,0,1,,,5300111582.0,3.0,2,2,10403000,ST,1,1
700235,4600007912.0,10,56,0,0,F,41.0,213,213.0,Z003,TB,0,0,1,,,5300111581.0,0.0,2,2,10403000,ST,1,1
700235,4600007913.0,10,56,0,0,F,41.0,213,213.0,Z003,TB,0,0,1,,,5300111582.0,0.0,2,2,10403000,ST,1,1
702795,4600012670.0,10,119,0,0,F,41.0,233,233.0,Z011,Z6,10,117,100,,,5300025442.0,0.0,2,12,60100000,ST,1,1
700020,5500007434.0,10,4,4,60,F,,208,208.0,Z011,X4,1110,2229,100,E20,,5300173762.0,0.0,2,28,100202000,ST,1,1
701806,5500008457.0,10,4,4,60,F,,208,208.0,Z011,V5,220,1305,100,E98,,5300423957.0,0.0,2,210,140100000,ST,1,1
701806,5500008598.0,10,4,4,60,F,,208,208.0,Z011,V5,10020,71434,100,E98,,5300391318.0,0.0,2,84,140100000,ST,1,1
701806,5500008786.0,10,4,4,154,F,,208,208.0,Z011,V4,6210,79076,100,E98,,5300372887.0,0.0,2,99,140100000,ST,1,1
701806,5500008449.0,10,4,4,60,F,,208,208.0,Z011,V5,170,3317,100,E98,,5300073541.0,0.0,2,14,140100000,ST,1,1
701806,5500008593.0,10,4,4,60,F,,208,208.0,Z011,V4,8160,120794,100,E98,,5300195404.0,0.0,2,4,60100000,ST,1,1
701806,5500006908.0,10,4,4,60,F,,208,208.0,Z011,V5,1870,11712,100,E98,,5300186471.0,0.0,2,3,60100000,ST,1,1
701806,5500008261.0,10,4,4,60,F,,208,208.0,Z011,V5,3910,5718,100,E98,,5300358384.0,0.0,2,4,140100000,ST,1,1
701806,5500007795.0,10,4,4,140,F,,208,208.0,Z011,V4,2110,5582,100,E98,,5300390098.0,0.0,2,56,140100000,ST,1,1
701806,5500008597.0,10,4,4,60,F,,208,208.0,Z011,V4,5220,467,100,E98,,5300380109.0,0.0,2,14,140100000,ST,1,1
701806,5500008455.0,10,4,4,60,F,,208,208.0,Z011,V5,750,3712,100,E98,,5300376795.0,0.0,2,14,140100000,ST,1,1
701806,5500008594.0,10,4,4,60,F,,208,208.0,Z011,V5,8030,6057,1,E98,,5300408985.0,0.0,2,14,140100000,ST,1,1
701806,5500007926.0,10,4,4,60,F,,208,208.0,Z008,V5,2500,52943,100,E98,,5300379599.0,0.0,2,70,140700000,ST,1,1
701806,5500008581.0,10,4,4,60,F,,208,208.0,Z011,V5,1390,3374,100,E98,,5300387877.0,0.0,2,14,140100000,ST,1,1
701806,5500008702.0,10,4,4,60,F,,208,208.0,Z011,V5,3640,1153,100,E98,,5300184844.0,0.0,2,14,140100000,ST,1,1
701806,5500008588.0,10,4,4,60,F,,208,208.0,Z011,V4,50820,1125,100,E98,,5300184704.0,0.0,2,14,140100000,ST,1,1
701806,5500008453.0,10,4,4,60,F,,208,208.0,Z011,V5,2780,1459,100,E98,,5300408554.0,0.0,2,14,140100000,ST,1,1
701806,5500007411.0,10,4,4,60,F,,208,208.0,Z011,V5,570,421,100,E98,,5300174052.0,0.0,2,13,140700000,ST,1,1
701806,5500008206.0,10,4,4,60,F,,208,208.0,Z011,V5,5370,595,100,E98,,5300409229.0,0.0,2,14,140700000,ST,1,1
701806,5500004896.0,10,4,4,60,F,40.0,708,708.0,Z011,V5,1380,19661,100,E98,,5300408072.0,3.0,2,70,80600000,ST,1,1
701806,5500004896.0,10,4,4,60,F,40.0,708,708.0,Z011,V5,1380,19661,100,E98,,5300408072.0,0.0,2,70,80600000,ST,1,1
701806,5500006805.0,10,4,4,60,F,,708,708.0,Z011,V5,3990,2095,1000,E98,,5300174071.0,0.0,2,14,140200000,ST,1,1
701806,5500006843.0,10,4,4,60,F,,708,708.0,Z011,V5,640,2156,100,E98,,5300173952.0,0.0,2,13,140100000,ST,1,1
709890,4600011061.0,10,112,0,0,F,30.0,202,202.0,Z011,Y9,0,0,100,E13,,5300384942.0,3.0,1,112,50400000,ST,1,1
709890,4600011061.0,10,112,0,0,F,30.0,202,202.0,Z011,Y9,0,0,100,E13,,5300384942.0,0.0,1,112,50400000,ST,1,1
700151,4600008919.0,10,28,0,0,F,40.0,233,233.0,Z011,Y4,0,0,100,E15,,5300064238.0,0.0,1,3,60100000,ST,1,1
709890,4600012563.0,10,28,0,0,F,30.0,202,202.0,Z011,Y9,39210,2777441,100,E13,,5300496226.0,3.0,1,112,50400000,ST,1,1
709890,4600012563.0,10,28,0,0,F,30.0,202,202.0,Z011,Y9,39210,2777441,100,E13,,5300496226.0,0.0,1,112,50400000,ST,1,1
716255,4600012182.0,10,28,0,0,F,40.0,233,233.0,Z011,Y2,580,36818,100,E14,,5300466671.0,0.0,1,140,60000000,ST,1,1
716255,4600012811.0,10,56,0,0,F,40.0,233,233.0,Z011,Y4,60,3685,100,E11,,5300466667.0,0.0,1,168,60100000,ST,1,1
701528,4600012605.0,10,56,0,0,F,40.0,233,233.0,Z011,Y4,140,13309,100,E14,,5300115192.0,0.0,1,56,60200000,ST,1,1
700151,4600008567.0,10,14,0,0,F,40.0,233,233.0,Z011,Y4,760,26125,100,E13,,5300171735.0,0.0,1,42,60100000,ST,1,1
700466,4600011215.0,10,28,0,0,F,40.0,203,203.0,Z001,Y5,30,8728,100,E13,,5300422027.0,0.0,1,2,70600000,ST,1,1
700585,4600012912.0,10,140,0,0,F,40.0,203,203.0,Z012,Y9,0,0,1,E14,,5300147701.0,0.0,1,84,30205000,ST,1,1
715408,4600011752.0,10,56,0,0,F,30.0,223,223.0,Z004,TB,0,0,1,,,5300436734.0,3.0,1,56,10403000,ST,1,1
715408,4600011858.0,10,42,0,0,F,30.0,223,223.0,Z004,TB,0,0,1,,,5300436585.0,3.0,1,56,10403000,ST,1,1
715408,4600011752.0,10,56,0,0,F,30.0,223,223.0,Z004,TB,0,0,1,,,5300436734.0,0.0,1,56,10403000,ST,1,1
715408,4600011858.0,10,42,0,0,F,30.0,223,223.0,Z004,TB,0,0,1,,,5300436585.0,0.0,1,56,10403000,ST,1,1
715408,4600012925.0,10,56,0,0,F,40.0,223,223.0,Z012,TB,0,0,1,,,5300436317.0,0.0,1,56,10403000,ST,1,1
715408,4600011456.0,10,42,0,0,F,30.0,223,223.0,Z004,TB,0,0,1,,,5300436332.0,3.0,1,56,10403000,ST,1,1
715408,4600011456.0,10,42,0,0,F,30.0,223,223.0,Z004,TB,0,0,1,,,5300436333.0,3.0,1,56,10403000,ST,1,1
715408,4600012420.0,10,42,0,0,F,30.0,223,223.0,Z004,TB,0,0,1,,,5300436332.0,3.0,1,56,10403000,ST,1,1
715408,4600012420.0,10,42,0,0,F,30.0,223,223.0,Z004,TB,0,0,1,,,5300436333.0,3.0,1,56,10403000,ST,1,1
715408,4600011456.0,10,42,0,0,F,30.0,223,223.0,Z004,TB,0,0,1,,,5300436332.0,3.0,1,56,10403000,ST,1,1
715408,4600011456.0,10,42,0,0,F,30.0,223,223.0,Z004,TB,0,0,1,,,5300436333.0,3.0,1,56,10403000,ST,1,1
715408,4600012420.0,10,42,0,0,F,30.0,223,223.0,Z001,TB,0,0,1,,,5300436332.0,3.0,1,56,10403000,ST,1,1
715408,4600012420.0,10,42,0,0,F,30.0,223,223.0,Z001,TB,0,0,1,,,5300436333.0,3.0,1,56,10403000,ST,1,1
715408,4600011262.0,10,42,0,0,F,30.0,223,223.0,Z004,TB,0,0,1,,,5300436249.0,3.0,1,56,10403000,ST,1,1
715408,4600011262.0,10,42,0,0,F,30.0,223,223.0,Z004,TB,0,0,1,,,,,1,56,10403000,ST,1,1
701528,4600007529.0,10,12,0,0,F,40.0,233,233.0,Z011,Y6,0,0,1,E15,,5300085941.0,0.0,1,3,60100000,ST,1,1
715408,4600012328.0,10,56,0,0,F,30.0,223,223.0,Z004,TB,20,164109,1,,,5300436203.0,3.0,1,56,10402000,ST,1,1
710155,5500009092.0,10,28,28,28,F,30.0,702,702.0,Z001,X1,1020,79611,1,,,5300462808.0,3.0,1,28,40100000,ST,1,1
710155,5500009109.0,10,28,28,28,F,30.0,702,702.0,Z005,X1,1810,911964,1,,,5300545547.0,3.0,1,28,40100000,ST,1,1
710155,5500009090.0,10,14,14,14,F,30.0,702,702.0,Z005,X1,3970,871562,1,,,5300545548.0,3.0,1,14,10102000,ST,1,1
715408,4600012722.0,10,56,0,0,F,30.0,223,223.0,Z004,TB,10,404001,1,,,5300435573.0,3.0,1,56,10403000,ST,1,1
710155,5500009103.0,10,14,14,14,F,30.0,702,702.0,Z001,X1,2260,45087,1,,,5300507616.0,3.0,1,14,40100000,ST,1,1
710155,5500009091.0,10,14,14,14,F,30.0,702,702.0,Z001,Z0,7750,108810,1,,,5300460744.0,3.0,1,14,40100000,ST,1,1
710155,5500009105.0,10,14,14,14,F,30.0,702,702.0,Z010,Z2,450,6318,1,,,5300460746.0,3.0,1,14,40100000,ST,1,1
710155,5500009093.0,10,14,14,14,F,30.0,702,702.0,Z001,Z0,4090,546015,1,,,5300460745.0,3.0,1,14,40100000,ST,1,1
710155,5500009107.0,10,14,14,14,F,30.0,702,702.0,Z010,Z3,610,37793,1,,,5300547227.0,3.0,1,14,40100000,ST,1,1
710155,5500009080.0,10,28,28,28,F,30.0,702,702.0,Z001,X1,10,5106,1,,,5300456266.0,3.0,1,28,40100000,ST,1,1
710155,5500009094.0,10,28,28,28,F,30.0,702,702.0,Z001,X1,12380,6321228,1,,,5300456266.0,3.0,1,28,40100000,ST,1,1
710155,5500009081.0,10,14,14,14,F,30.0,702,702.0,Z001,Z0,20,423,1,,,5300456269.0,3.0,1,14,40100000,ST,1,1
710155,5500009095.0,10,14,14,14,F,30.0,702,702.0,Z001,X1,6710,1419165,1,,,5300456269.0,3.0,1,14,40100000,ST,1,1
710155,5500009082.0,10,28,28,28,F,30.0,702,702.0,Z001,X1,2600,135304,1,,,5300460739.0,3.0,1,28,40100000,ST,1,1
710155,5500009096.0,10,28,28,28,F,30.0,702,702.0,Z001,X1,350,18214,1,,,5300460739.0,3.0,1,28,40100000,ST,1,1
710155,5500009083.0,10,14,14,14,F,30.0,702,702.0,Z001,X1,60,14568,1,,,5300460747.0,3.0,1,14,40100000,ST,1,1
710155,5500009097.0,10,14,14,14,F,30.0,702,702.0,Z001,X1,210,50988,1,,,5300460747.0,3.0,1,14,40100000,ST,1,1
710155,5500009108.0,10,14,14,14,F,30.0,702,702.0,Z010,Y9,1030,250183,1,E13,,5300460747.0,3.0,1,14,40100000,ST,1,1
710155,5500009098.0,10,14,14,14,F,30.0,702,702.0,Z001,X1,26250,301350,1,,,5300460737.0,3.0,1,14,40100000,ST,1,1
710155,5500009099.0,10,14,14,14,F,30.0,702,702.0,Z001,X1,5930,683136,1,,,5300460738.0,3.0,1,14,40100000,ST,1,1
710155,5500009100.0,10,14,14,14,F,30.0,702,702.0,Z001,X1,9120,942096,1,,,5300456265.0,3.0,1,14,40100000,ST,1,1
710155,5500009110.0,10,14,14,14,F,30.0,702,702.0,Z010,Z2,1520,502334,1,,,5300460748.0,3.0,1,14,40100000,ST,1,1
710155,5500009084.0,10,14,14,14,F,30.0,702,702.0,Z001,X1,1020,107712,1,,,5300456268.0,3.0,1,14,40100000,ST,1,1
710155,5500009101.0,10,14,14,14,F,30.0,702,702.0,Z001,Z0,3030,319968,1,,,5300456268.0,3.0,1,14,40100000,ST,1,1
710155,5500009102.0,10,14,14,14,F,30.0,702,702.0,Z001,X1,5420,591864,1,,,5300460742.0,3.0,1,14,40100000,ST,1,1
710155,5500008763.0,10,28,28,28,F,30.0,202,202.0,Z001,X1,180,64674,1,,,5300460733.0,3.0,1,28,40200000,ST,1,1
710155,5500008762.0,10,28,28,28,F,30.0,702,702.0,Z001,X1,4250,1527025,1,,,5300460733.0,3.0,1,28,40200000,ST,1,1
710155,5500008764.0,10,14,14,14,F,30.0,702,702.0,Z001,X1,790,250272,1,,,5300460732.0,3.0,1,14,40100000,ST,1,1
710155,5500008765.0,10,14,14,14,F,30.0,202,202.0,Z001,X1,3900,123552,1,,,5300460732.0,3.0,1,14,40100000,ST,1,1
710155,5500009111.0,10,14,14,14,F,30.0,702,702.0,Z010,Z2,900,28512,1,,,5300460732.0,3.0,1,14,40100000,ST,1,1
710155,5500008767.0,10,14,14,14,F,30.0,702,702.0,Z001,X1,610,193309,1,,,5300460731.0,3.0,1,14,40000000,ST,1,1
710155,5500008766.0,10,14,14,14,F,30.0,202,202.0,Z001,X1,5380,1704922,1,,,5300460731.0,3.0,1,14,40000000,ST,1,1
710155,5500009112.0,10,14,14,14,F,30.0,702,702.0,Z010,Z2,700,222109,1,,,5300460731.0,3.0,1,14,40000000,ST,1,1
710155,5500009085.0,10,14,14,14,F,30.0,702,702.0,Z001,X1,1620,263088,1,,,5300460741.0,3.0,1,14,40000000,ST,1,1
710155,5500009104.0,10,14,14,14,F,30.0,702,702.0,Z001,Z0,640,103936,1,,,5300460741.0,3.0,1,14,40000000,ST,1,1
710155,5500009086.0,10,28,28,28,F,30.0,702,702.0,Z001,X1,790,324374,1,,,5300460734.0,3.0,1,28,40000000,ST,1,1
710155,5500009087.0,10,14,14,14,F,30.0,702,702.0,Z001,X1,1440,531792,1,,,5300456267.0,3.0,1,14,40000000,ST,1,1
710155,5500009088.0,10,14,14,14,F,30.0,702,702.0,Z001,X1,1870,685729,1,,,5300460735.0,3.0,1,14,40000000,ST,1,1
710155,5500009089.0,10,14,14,14,F,30.0,702,702.0,Z001,X1,1810,340099,1,,,5300460740.0,3.0,1,14,40000000,ST,1,1
715408,4600012826.0,10,56,0,0,F,30.0,223,223.0,Z013,TB,320,2536283,1,,,5300544749.0,3.0,1,56,10403000,ST,1,1
710155,5500009107.0,10,14,14,14,F,30.0,702,702.0,Z010,Z3,610,37793,1,,,5300547227.0,0.0,1,14,40100000,ST,1,1
710155,5500009098.0,10,14,14,14,F,30.0,702,702.0,Z001,X1,26250,301350,1,,,5300460737.0,0.0,1,14,40100000,ST,1,1
710155,5500009099.0,10,14,14,14,F,30.0,702,702.0,Z001,X1,5930,683136,1,,,5300460738.0,0.0,1,14,40100000,ST,1,1
710155,5500008764.0,10,14,14,14,F,30.0,702,702.0,Z001,X1,790,250272,1,,,5300460732.0,0.0,1,14,40100000,ST,1,1
710155,5500008765.0,10,14,14,14,F,30.0,202,202.0,Z001,X1,3900,123552,1,,,5300460732.0,0.0,1,14,40100000,ST,1,1
710155,5500009111.0,10,14,14,14,F,30.0,702,702.0,Z010,Z2,900,28512,1,,,5300460732.0,0.0,1,14,40100000,ST,1,1
710155,5500008767.0,10,14,14,14,F,30.0,702,702.0,Z001,X1,610,193309,1,,,5300460731.0,0.0,1,14,40000000,ST,1,1
710155,5500008766.0,10,14,14,14,F,30.0,202,202.0,Z001,X1,5380,1704922,1,,,5300460731.0,0.0,1,14,40000000,ST,1,1
710155,5500009112.0,10,14,14,14,F,30.0,702,702.0,Z010,Z2,700,222109,1,,,5300460731.0,0.0,1,14,40000000,ST,1,1
710155,5500009086.0,10,28,28,28,F,30.0,702,702.0,Z001,X1,790,324374,1,,,5300460734.0,0.0,1,28,40000000,ST,1,1
710155,5500009087.0,10,14,14,14,F,30.0,702,702.0,Z001,X1,1440,531792,1,,,5300456267.0,0.0,1,14,40000000,ST,1,1
710155,5500009088.0,10,14,14,14,F,30.0,702,702.0,Z001,X1,1870,685729,1,,,5300460735.0,0.0,1,14,40000000,ST,1,1
710155,5500009089.0,10,14,14,14,F,30.0,702,702.0,Z001,X1,1810,340099,1,,,5300460740.0,0.0,1,14,40000000,ST,1,1
715408,4600012826.0,10,56,0,0,F,30.0,223,223.0,Z013,TB,320,2536283,1,,,5300544749.0,0.0,1,56,10403000,ST,1,1
702225,5500006601.0,10,42,42,112,F,,213,213.0,Z008,Z1,1940,164746,100,,,5300098286.0,0.0,1,42,60100000,ST,1,1
702225,5500006590.0,10,42,42,112,F,,213,213.0,Z008,Z1,3760,353093,100,,,5300191341.0,0.0,1,42,60100000,ST,1,1
701806,5500008578.0,10,4,4,60,F,,208,208.0,Z011,X4,17660,24598,100,E20,,5300539969.0,0.0,1,21,140700000,ST,1,1
700585,5500008022.0,10,14,14,182,F,,203,203.0,Z010,Y5,170,1681,100,E14,,5300126636.0,0.0,1,14,140200000,ST,1,1
700585,5500006311.0,10,14,14,182,F,,203,203.0,Z010,Y5,0,0,1,E14,,5300057632.0,0.0,1,14,50300000,ST,1,1
700585,5500006387.0,10,14,14,182,F,,203,203.0,Z010,Y5,0,0,1,E14,,5300388784.0,0.0,1,21,30202000,ST,1,1
715408,4600012925.0,10,56,0,0,F,,223,223.0,Z008,TB,0,0,1,,,5300436317.0,0.0,1,56,10403000,ST,1,1
702584,5500005542.0,10,28,28,84,F,,203,203.0,Z010,Y9,0,0,1,E13,,5300412404.0,0.0,1,280,70700000,ST,1,1
702225,5500006563.0,10,42,42,112,F,,213,213.0,Z008,TB,0,0,1,,,5300111702.0,0.0,1,42,10402000,ST,1,1
701306,4600011944.0,10,28,0,0,F,,202,202.0,Z001,Y9,2130,661009,1,E13,,5300005368.0,3.0,1,182,30202000,ST,1,1
701306,4600011944.0,10,28,0,0,F,,202,202.0,Z001,Y9,28400,880699,1,E13,,5300005368.0,3.0,1,182,30202000,ST,1,1
701306,4600011944.0,10,28,0,0,F,,202,202.0,Z001,Y9,119470,37072879,1,E13,,5300005368.0,3.0,1,182,30202000,ST,1,1
701306,4600012128.0,10,42,0,0,F,,202,202.0,Z001,Y9,9740,4781785,1,E13,,5300427271.0,0.0,1,182,30202000,ST,1,1
701306,4600012562.0,10,42,0,0,F,,202,202.0,Z003,Y2,7550,2996429,1,E13,,5300499791.0,0.0,1,182,30202000,ST,1,1
715408,4600012159.0,10,56,0,0,F,,223,223.0,Z004,TB,90,3645055,1,,,5300435053.0,0.0,1,56,10403000,ST,1,1
700585,5500008027.0,10,14,14,182,F,,203,203.0,Z010,Y5,160,54574,1,E14,,5300094720.0,0.0,1,14,60200000,ST,1,1
702225,5500006552.0,10,42,42,98,F,,213,213.0,Z008,Z3,130,44590,1,,,5300022895.0,0.0,1,42,10405000,ST,1,1
701306,4600011944.0,10,28,0,0,F,,202,202.0,Z001,Y9,2130,661009,1,E13,,5300005368.0,0.0,1,182,30202000,ST,1,1
701306,4600011944.0,10,28,0,0,F,,202,202.0,Z001,Y9,28400,880699,1,E13,,5300005368.0,0.0,1,182,30202000,ST,1,1
701306,4600011944.0,10,28,0,0,F,,202,202.0,Z001,Y9,119470,37072879,1,E13,,5300005368.0,0.0,1,182,30202000,ST,1,1
701306,4600010834.0,10,42,0,0,F,,202,202.0,Z001,Y9,3490,2945293,1,E13,,5300387805.0,0.0,1,182,30202000,ST,1,1
701306,4600010834.0,10,42,0,0,F,,202,202.0,Z001,Y9,2490,2113162,1,E13,,5300387805.0,0.0,1,182,30202000,ST,1,1
701306,4600010834.0,10,42,0,0,F,,202,202.0,Z001,Y9,15680,13207068,1,E13,,5300387805.0,0.0,1,182,30202000,ST,1,1
701306,4600012633.0,10,42,0,0,F,,202,202.0,Z001,Y5,3830,1189156,1,E13,,5300387806.0,0.0,1,182,30202000,ST,1,1
701306,4600012540.0,10,42,0,0,F,,202,202.0,Z001,Y9,3040,2080733,1,E13,,5300387807.0,0.0,1,182,30202000,ST,1,1
701306,4600012540.0,10,42,0,0,F,,202,202.0,Z001,Y9,2020,1380059,1,E13,,5300387807.0,0.0,1,182,30202000,ST,1,1
701306,4600012540.0,10,42,0,0,F,,202,202.0,Z001,Y9,38530,2631994,1,E13,,5300387807.0,0.0,1,182,30202000,ST,1,1
701306,5500007785.0,10,42,42,182,F,,702,702.0,Z001,Y5,11410,3013824,1,E13,,5300387810.0,0.0,1,182,30202000,ST,1,1
701306,4600011191.0,10,42,0,0,F,,202,202.0,Z001,Y9,3950,1977682,1,E13,,5300192134.0,0.0,1,182,30202000,ST,1,1
701306,4600011191.0,10,42,0,0,F,,202,202.0,Z001,Y5,15350,7682551,1,E13,,5300192134.0,0.0,1,182,30202000,ST,1,1
710155,5500009106.0,10,28,28,28,F,,702,702.0,Z001,X1,1550,776113,1,,,5300460749.0,3.0,1,28,40100000,ST,1,1
702225,5500006539.0,10,42,42,112,F,,213,213.0,Z008,Z3,28730,1195179,1,,,5300057859.0,0.0,1,42,10401000,ST,1,1
702225,5500006540.0,10,42,42,84,F,,213,213.0,Z008,Z3,34770,1447081,1,,,5300057859.0,0.0,1,42,10401000,ST,1,1
701306,4600012262.0,10,42,0,0,F,,202,202.0,Z001,Y3,4110,1051338,1,E13,,5300499336.0,0.0,1,182,30100000,ST,1,1
702225,5500006605.0,10,42,42,112,F,,213,213.0,Z008,Z1,860,18146,1,,,5300190581.0,0.0,1,42,10401000,ST,1,1
702225,5500006596.0,10,42,42,112,F,,213,213.0,Z008,Z3,3240,425114,1,,,5300095361.0,0.0,1,42,10401000,ST,1,1
707032,5500008423.0,10,14,14,180,F,,702,702.0,Z011,Y6,7480,636446,1,E11,,5300465587.0,0.0,1,180,30100000,ST,1,1
701306,4600012562.0,10,42,0,0,F,,202,202.0,Z001,Y9,7820,3074168,1,E13,,5300499791.0,0.0,1,182,30202000,ST,1,1
715408,4600012925.0,10,56,0,0,F,,223,223.0,Z004,TB,50,2807562,1,,,5300436317.0,0.0,1,56,10403000,ST,1,1
701528,5500007783.0,10,14,14,56,F,,202,202.0,Z011,Y5,221160,5593229,1,E13,,5300038348.0,3.0,1,196,60100000,ST,1,1
701165,4600012675.0,10,196,0,0,F,,202,202.0,Z011,Y6,14390,652559,1,E13,,5300030661.0,0.0,1,196,40400000,ST,1,1
701528,5500007783.0,10,14,14,56,F,,202,202.0,Z011,Y5,221160,5593229,1,E13,,5300038348.0,0.0,1,196,60100000,ST,1,1
701165,4600012706.0,10,28,0,0,F,,202,202.0,Z011,Y5,221160,5593229,1,E13,,5300038317.0,0.0,1,196,60100000,ST,1,1
701165,4600012409.0,10,28,0,0,F,,202,202.0,Z011,Y5,8880,952322,1,E13,,5300093019.0,0.0,1,196,60100000,ST,1,1
701165,4600012284.0,10,28,0,0,F,,202,202.0,Z011,Y5,86360,5777481,1,E13,,5300022034.0,0.0,1,196,60100000,ST,1,1
701528,5500008853.0,10,14,14,56,F,,202,202.0,Z011,Y5,86360,5777481,1,E13,,5300059828.0,0.0,1,196,60100000,ST,1,1
701306,4600012507.0,10,42,0,0,F,,202,202.0,Z001,Y9,5950,2047434,1,E13,,5300425304.0,0.0,1,182,30202000,ST,1,1
701306,4600012507.0,10,42,0,0,F,,202,202.0,Z001,Y9,5420,1833843,1,E13,,5300425304.0,0.0,1,182,30202000,ST,1,1
706085,5500009058.0,10,28,28,84,F,,203,203.0,Z011,Y5,350,1092835,1,E13,,5300387610.0,0.0,1,56,70200000,ST,1,1
701528,5500007784.0,10,14,14,56,F,,202,202.0,Z011,Y5,13340,324276,1,E13,,5300038348.0,0.0,1,196,60100000,ST,1,1
701528,5500007784.0,10,14,14,56,F,,202,202.0,Z011,Y5,13340,324276,1,E13,,5300038348.0,3.0,1,196,60100000,ST,1,1
700020,5500007429.0,10,4,4,60,F,,208,208.0,Z011,X4,0,0,100,E20,,5300003971.0,0.0,1,56,140100000,ST,1,1
700020,5500007441.0,10,4,4,60,F,,208,208.0,Z011,X4,420,12132,1,E20,,5300079553.0,0.0,1,84,140400000,ST,1,1
700020,5500007446.0,10,4,4,60,F,,208,208.0,Z011,X4,160,7123,1,E20,,5300044709.0,0.0,1,42,140400000,ST,1,1
700020,5500007471.0,10,4,4,60,F,,208,208.0,Z011,X4,2210,44476,100,E20,,5300093189.0,0.0,1,42,140400000,ST,1,1
700020,5500008558.0,10,4,4,60,F,,208,208.0,Z011,X4,32600,4592,100,E20,,5300077647.0,0.0,1,13,140200000,ST,1,1
700020,5500008566.0,10,4,4,60,F,,208,208.0,Z011,X4,24020,5532,100,E20,,5300003700.0,0.0,1,13,140100000,ST,1,1
700020,5500007558.0,10,4,4,60,F,,208,208.0,Z011,X4,1020,14994,100,E20,,5300045501.0,0.0,1,56,140300000,ST,1,1
700020,5500008699.0,10,4,4,60,F,,208,208.0,Z011,X4,21790,3873,100,E20,,5300014520.0,0.0,1,13,140200000,ST,1,1
700020,5500007449.0,10,4,4,60,F,,208,208.0,Z011,X4,17810,296,100,E20,,5300419570.0,0.0,1,21,140200000,ST,1,1
700020,5500007461.0,10,4,4,60,F,,208,208.0,Z011,X4,60600,29028,100,E20,,5300374607.0,0.0,1,70,140100000,ST,1,1
700020,5500007445.0,10,4,4,60,F,,208,208.0,Z011,X4,570,11106,1,E20,,5300050640.0,0.0,1,56,140400000,ST,1,1
700020,5500007451.0,10,4,4,60,F,,208,208.0,Z011,X4,150,5687,1,E20,,5300017670.0,0.0,1,56,140100000,ST,1,1
700020,5500008565.0,10,4,4,60,F,,208,208.0,Z011,X4,360,1115,100,E20,,5300095167.0,0.0,1,12,140100000,ST,1,1
700020,5500008562.0,10,4,4,60,F,,208,208.0,Z011,X4,3300,4242,100,E20,,5300001558.0,0.0,1,12,140100000,ST,1,1
700020,5500007431.0,10,4,4,60,F,,208,208.0,Z011,X4,4160,5101,100,E20,,5300141846.0,0.0,1,14,140200000,ST,1,1
700020,5500007448.0,10,4,4,60,F,,208,208.0,Z011,X4,360,41089,100,E20,,5300066378.0,0.0,1,42,140300000,ST,1,1
700020,5500008567.0,10,4,4,60,F,,208,208.0,Z011,X4,3350,15321,100,E20,,5300091592.0,0.0,1,12,140700000,ST,1,1
700020,5500004848.0,10,4,4,60,F,40.0,708,708.0,Z011,X4,520,8229,1,E20,,5300019601.0,0.0,1,42,140100000,ST,1,1
701528,4600003806.0,10,28,0,0,F,40.0,233,233.0,Z011,Y4,0,0,1,E15,,5300094401.0,0.0,1,3,60100000,ST,1,1
701528,4600007176.0,10,12,0,0,F,40.0,233,233.0,Z011,Y6,0,0,1,E15,,5300048795.0,0.0,1,3,60100000,ST,1,1
701528,4600007252.0,10,12,0,0,F,40.0,233,233.0,Z011,Y6,0,0,1,E15,,5300022262.0,0.0,1,3,60100000,ST,1,1
702225,5500006544.0,10,42,42,98,F,40.0,213,213.0,Z004,TB,0,0,1,,,5300082580.0,0.0,1,42,550100000,ST,1,1
701528,4600007605.0,10,12,0,0,F,40.0,233,233.0,Z011,Y6,0,0,100,E15,,5300090900.0,0.0,1,3,60100000,ST,1,1
702225,5500008917.0,10,42,42,112,F,30.0,213,213.0,Z004,TB,3640,5901896,1,,,5300185985.0,3.0,1,63,550100000,ST,1,1
700808,4600012164.0,10,365,0,0,F,30.0,215,215.0,Z001,X1,5170,12440054,1,,,5300113375.0,3.0,1,365,80800000,ST,1,1
701306,4600012357.0,10,42,0,0,F,30.0,213,213.0,Z004,TB,67840,5691776,100,,,5300384875.0,0.0,1,42,550100000,ST,1,1
706671,4600011349.0,10,42,0,0,F,40.0,233,233.0,Z001,Y2,60,10023,1,E13,,5300116434.0,0.0,1,21,60200000,ST,1,1
700020,5500004828.0,10,4,4,60,F,40.0,708,708.0,Z011,X4,1320,781,100,E20,,5300176958.0,0.0,1,126,140100000,ST,1,1
700808,4600012164.0,10,365,0,0,F,30.0,215,215.0,Z001,X1,5170,12440054,1,,,5300113375.0,0.0,1,365,80800000,ST,1,1
700985,4600011847.0,10,56,0,0,F,40.0,203,203.0,Z005,Y2,140,858,100,E13,,5300079458.0,0.0,1,63,100400000,ST,1,1
700368,4600012483.0,10,84,0,0,F,40.0,203,203.0,Z010,Y9,2640,907803,1,E11,,5300110253.0,0.0,1,2,70600000,ST,1,1
701528,4600009950.0,10,70,0,0,F,40.0,233,233.0,Z011,Y4,520,85982,100,E14,,5300117903.0,0.0,1,112,60100000,ST,1,1
700223,4600012545.0,10,70,0,0,F,40.0,208,208.0,Z011,Y2,300,106,100,E13,,5300171572.0,0.0,1,70,90300000,ST,1,1
700020,5500004833.0,10,4,4,60,F,40.0,708,708.0,Z011,X4,190,935,100,E20,,5300383855.0,0.0,1,21,530104000,ST,1,1
702225,4600007877.0,10,14,0,0,F,42.0,213,213.0,Z004,TB,60,4524,1,,,5300022312.0,0.0,1,63,550100000,ST,1,1
702225,4600007877.0,10,14,0,0,F,42.0,213,213.0,Z004,TB,60,4524,1,,,5300022312.0,3.0,1,63,550100000,ST,1,1
708551,5500006016.0,10,14,14,42,F,40.0,708,708.0,Z010,Y6,1100,94105,100,E11,,5300380387.0,0.0,1,60,70300000,ST,1,1
700348,4600012354.0,10,28,0,0,F,41.0,233,233.0,Z011,Y3,200,594,100,E12,,5300350748.0,0.0,1,999,60200000,ST,1,1
700020,5500004846.0,10,4,4,60,F,40.0,708,708.0,Z011,X4,240,124,100,E20,,5300383846.0,0.0,1,28,100202000,ST,1,1
701710,4600001339.0,10,84,0,0,F,,231,231.0,Z008,Y4,0,0,100,E14,,5300072687.0,0.0,1,84,100201000,ST,1,1
701710,4600001339.0,10,84,0,0,F,,231,231.0,Z008,Y4,0,0,100,E14,,5300072687.0,0.0,1,84,100201000,ST,1,1
702686,5500007866.0,10,28,28,112,F,,715,715.0,Z003,Y6,130,11934,100,E13,,5300527566.0,0.0,1,84,80100000,ST,1,1
700020,5500008563.0,10,4,4,60,F,,208,208.0,Z011,X4,9970,648,100,E20,,5300173132.0,0.0,1,28,100202000,ST,1,1
700020,5500007458.0,10,4,4,60,F,,208,208.0,Z011,X4,9500,23423,100,E20,,5300173130.0,0.0,1,28,100400000,ST,1,1
700020,5500004821.0,10,4,4,60,F,,708,708.0,Z011,X4,6290,8256,100,E20,,5300020424.0,0.0,1,4,140700000,ST,1,1
700020,5500007560.0,10,4,4,60,F,,208,208.0,Z011,X4,9270,774,100,E20,,5300001643.0,0.0,1,14,140700000,ST,1,1
700020,5500007460.0,10,4,4,60,F,,208,208.0,Z011,X4,2260,7152,100,E20,,5300173136.0,0.0,1,28,100202000,ST,1,1
700020,5500007432.0,10,4,4,60,F,,208,208.0,Z011,X6,246930,306702,100,E20,,5300358611.0,0.0,1,140,140300000,ST,1,1
700020,5500007551.0,10,4,4,60,F,,208,208.0,Z011,X4,11100,2974,100,E20,,5300118969.0,0.0,1,12,140300000,ST,1,1
700020,5500007470.0,10,4,4,60,F,,208,208.0,Z011,X5,10730,106441,100,E20,,5300127667.0,0.0,1,84,140100000,ST,1,1
700020,5500007440.0,10,4,4,60,F,,208,208.0,Z011,X4,1310,2056,100,E20,,5300084824.0,0.0,1,28,140700000,ST,1,1
700020,5500007444.0,10,4,4,60,F,,208,208.0,Z011,X4,690,1811,100,E20,,5300020443.0,0.0,1,42,140700000,ST,1,1
700020,5500007469.0,10,4,4,60,F,,208,208.0,Z011,X4,4560,1894,100,E20,,5300020485.0,0.0,1,70,140700000,ST,1,1
700020,5500007439.0,10,4,4,60,F,,208,208.0,Z011,X4,9830,22186,100,E20,,5300064582.0,0.0,1,28,140700000,ST,1,1
700020,5500007443.0,10,4,4,60,F,,208,208.0,Z011,X4,5580,16433,100,E20,,5300002879.0,0.0,1,35,140700000,ST,1,1
700020,5500007564.0,10,4,4,60,F,,208,208.0,Z011,X4,1550,7715,100,E20,,5300064399.0,0.0,1,12,140100000,ST,1,1
700020,5500007462.0,10,4,4,60,F,,208,208.0,Z011,X4,210670,100485,100,E20,,5300079370.0,0.0,1,112,140100000,ST,1,1
700020,5500008561.0,10,4,4,60,F,,208,208.0,Z011,X4,5230,11075,100,E20,,5300125761.0,0.0,1,12,140100000,ST,1,1
700020,5500008560.0,10,4,4,60,F,,208,208.0,Z011,X4,180,2891,100,E20,,5300133687.0,0.0,1,28,140200000,ST,1,1
700020,5500007436.0,10,4,4,60,F,,208,208.0,Z011,X4,2230,955,100,E20,,5300189537.0,0.0,1,42,100202000,ST,1,1
700020,5500007463.0,10,4,4,60,F,,208,208.0,Z011,X4,9160,34015,100,E20,,5300173352.0,0.0,1,14,100202000,ST,1,1
700020,5500007464.0,10,4,4,60,F,,208,208.0,Z011,X4,5520,2026,100,E20,,5300173352.0,0.0,1,14,100202000,ST,1,1
700020,5500007435.0,10,4,4,60,F,,208,208.0,Z011,X4,8170,12256,100,E20,,5300173762.0,0.0,1,28,100202000,ST,1,1
700020,5500007456.0,10,4,4,60,F,,208,208.0,Z011,X4,2360,14812,100,E20,,5300173414.0,0.0,1,35,100202000,ST,1,1
700020,5500007457.0,10,4,4,60,F,,208,208.0,Z011,X4,1150,7223,100,E20,,5300173414.0,0.0,1,35,100202000,ST,1,1
700020,5500007437.0,10,4,4,60,F,,208,208.0,Z011,X4,990,362,100,E20,,5300383855.0,0.0,1,14,530104000,ST,1,1
700020,5500007466.0,10,4,4,60,F,,208,208.0,Z011,X4,10580,31169,100,E20,,5300189531.0,0.0,1,14,100202000,ST,1,1
700020,5500007468.0,10,4,4,60,F,,208,208.0,Z011,X4,16720,1840,100,E20,,5300189536.0,0.0,1,28,100202000,ST,1,1
700020,5500007454.0,10,4,4,60,F,,208,208.0,Z011,X4,6090,13083,100,E20,,5300189528.0,0.0,1,14,100202000,ST,1,1
700020,5500007455.0,10,4,4,60,F,,208,208.0,Z011,X4,17140,36841,100,E20,,5300189528.0,0.0,1,14,100202000,ST,1,1
700020,5500007452.0,10,4,4,60,F,,208,208.0,Z011,X4,1660,768,100,E20,,5300189530.0,0.0,1,14,100202000,ST,1,1
700020,5500004801.0,10,4,4,60,F,,708,708.0,Z011,X4,7860,3602,100,E20,,5300189523.0,0.0,1,4,100202000,ST,1,1
700020,5500007467.0,10,4,4,60,F,,208,208.0,Z011,X4,900,3195,100,E20,,5300189524.0,0.0,1,14,100202000,ST,1,1
700020,5500007554.0,10,4,4,60,F,,208,208.0,Z011,X4,24660,2836,100,E20,,5300005238.0,0.0,1,14,140300000,ST,1,1
701710,5500008487.0,10,14,14,50,F,,231,231.0,Z012,Z7,2780,121237,100,,,5300374696.0,0.0,1,70,100202000,ST,1,1
701710,5500008488.0,10,14,14,50,F,,231,231.0,Z012,Z7,6590,359622,100,,,5300171850.0,0.0,1,999,100202000,ST,1,1
701710,5500008463.0,10,14,14,50,F,,231,231.0,Z008,Y4,2410,104026,100,E14,,5300383475.0,0.0,1,50,100202000,ST,1,1
700985,5500008573.0,10,14,14,93,F,,208,208.0,Z011,Y9,1200,318218,100,E13,,5300133376.0,0.0,1,56,90100000,ST,1,1
700985,5500009137.0,10,14,14,84,F,,203,203.0,Z005,Y2,149600,56151,100,E13,,5300090857.0,0.0,1,14,90300000,ST,1,1
701165,4600012377.0,10,28,0,0,F,,202,202.0,Z011,Y5,8480,1017338,1,E13,,5300084738.0,0.0,1,196,30100000,ST,1,1
710392,5500005910.0,10,21,21,168,F,,702,702.0,Z011,Y5,3790,62925,1,E15,,5300383951.0,0.0,1,168,550100000,ST,1,1
700985,4600012271.0,10,56,0,0,F,,208,208.0,Z011,Y9,23330,2390205,1,E13,,5300385152.0,0.0,1,14,90100000,ST,1,1
702225,5500006543.0,10,42,42,98,F,,213,213.0,Z004,TB,100,51200,1,,,5300082580.0,0.0,1,42,550100000,ST,1,1
710392,5500005907.0,10,21,21,168,F,,702,702.0,Z011,Y5,630,100917,1,E15,,5300179976.0,0.0,1,168,550100000,ST,1,1
700985,4600012272.0,10,42,0,0,F,,208,208.0,Z011,Y9,21960,141419,1,E13,,5300010225.0,0.0,1,14,90100000,ST,1,1
700020,5500007459.0,10,4,4,60,F,,208,208.0,Z011,X4,40,237,1,E20,,5300173133.0,0.0,1,4,100202000,ST,1,1
707032,5500009070.0,10,30,30,180,F,,208,208.0,Z008,Z2,460,637921,1,,,5300378762.0,0.0,1,2,90100000,ST,1,1
710392,5500005908.0,10,21,21,168,F,,702,702.0,Z011,Y5,15610,2583145,1,E15,,5300383951.0,0.0,1,168,550100000,ST,1,1
710392,5500005903.0,10,21,21,168,F,,702,702.0,Z011,Y5,14770,2426562,1,E15,,5300179975.0,0.0,1,168,550100000,ST,1,1
710392,5500005904.0,10,21,21,168,F,,702,702.0,Z011,Y5,1750,287148,1,E15,,5300179975.0,0.0,1,168,550100000,ST,1,1
710392,5500005905.0,10,21,21,168,F,,702,702.0,Z011,Y5,3840,615196,1,E15,,5300179976.0,0.0,1,168,550100000,ST,1,1
710392,5500005906.0,10,21,21,168,F,,702,702.0,Z011,Y5,1240,198078,1,E15,,5300179976.0,0.0,1,168,550100000,ST,1,1
702225,5500006575.0,10,42,42,98,F,,213,213.0,Z004,TB,380,1987825,1,,,5300378752.0,0.0,1,42,550100000,ST,1,1
710392,5500005909.0,10,21,21,168,F,,702,702.0,Z011,Y5,3770,624336,1,E15,,5300383951.0,0.0,1,168,550100000,ST,1,1
700049,5500009048.0,10,21,21,60,F,,203,203.0,Z011,Y5,380,51866,1,E11,,5300011904.0,0.0,1,21,70200000,ST,1,1
700537,5500008065.0,10,42,42,112,F,,203,203.0,Z001,Y5,1410,2144388,1,E13,,5300534043.0,0.0,1,112,70800000,ST,1,1
702584,5500008619.0,10,28,28,84,F,,203,203.0,Z010,Y9,0,0,1,E13,,5300508487.0,0.0,1,84,70700000,ST,1,1
700000,4600012780.0,10,42,0,0,F,,223,223.0,Z001,V9,120,28788,1,E19,,5300387098.0,3.0,1,14,550100000,ST,1,1
714147,4600012527.0,10,84,0,0,F,,203,203.0,Z001,Y6,4240,856565,1,E14,,5300468793.0,0.0,1,42,70600000,ST,1,1
709574,4600012513.0,10,112,0,0,F,,215,215.0,Z001,Z3,6310,11928214,1,,,5300406806.0,0.0,1,112,80400000,ST,1,0
701603,4600011137.0,10,56,0,0,F,,203,203.0,Z005,Y9,430,1227003,1,E15,,5300423917.0,0.0,1,56,70800000,ST,1,1
700000,4600012810.0,10,42,0,0,F,,223,223.0,Z001,X9,990,2617565,1,E20,,5300425566.0,0.0,1,42,550100000,ST,1,1
700000,4600012780.0,10,42,0,0,F,,223,223.0,Z001,V9,120,28788,1,E19,,5300387098.0,0.0,1,14,550100000,ST,1,1
700368,4600012576.0,10,84,0,0,F,,203,203.0,Z010,Y9,450,31546,1,E11,,5300013771.0,0.0,1,56,60100000,ST,1,1
700074,4600011737.0,10,42,0,0,F,,202,202.0,Z010,Z3,12470,165682,1,,,5300003539.0,0.0,1,112,40400000,ST,1,1
715691,4600012453.0,10,98,0,0,F,,215,215.0,Z001,Y5,8390,2594492,1,E11,,5300454578.0,0.0,1,98,80400000,ST,1,1
700985,4600012575.0,10,84,0,0,F,,203,203.0,Z005,Y2,5080,26277,1,E13,,5300076331.0,0.0,1,56,90400000,ST,1,1
700000,4600010139.0,10,14,0,0,F,,223,223.0,Z001,V3,0,0,1,E19,,5300030404.0,3.0,1,14,10501000,ST,1,1
700000,4600010139.0,10,14,0,0,F,,223,223.0,Z001,V3,0,0,1,E19,,5300030404.0,0.0,1,14,10501000,ST,1,1
707032,5500008424.0,10,14,14,180,F,,702,702.0,Z011,Y5,1850,586563,1,E11,,5300465588.0,0.0,1,180,30100000,ST,1,1
700985,5500009134.0,10,14,14,84,F,,203,203.0,Z002,Y9,630,51549,1,E13,,5300116805.0,0.0,1,7,50500000,ST,1,1
707032,5500008421.0,10,14,14,180,F,,202,202.0,Z011,Y5,8200,944021,1,E11,,5300465586.0,0.0,1,180,30100000,ST,1,1
707032,5500008422.0,10,14,14,180,F,,702,702.0,Z011,Y5,8390,1272712,1,E11,,5300185920.0,0.0,1,180,30100000,ST,1,1
706611,5500008123.0,10,14,14,90,F,,208,208.0,Z011,Y5,50360,75271,1,E14,,5300091933.0,0.0,1,56,70300000,ST,1,1
700585,5500006338.0,10,14,14,182,F,,203,203.0,Z010,Y5,10,399,1,E14,,5300456998.0,0.0,1,14,130401000,ST,1,1
700585,5500007092.0,10,14,14,182,F,,203,203.0,Z010,Y5,5110,58216,1,E14,,5300016250.0,0.0,1,14,140700000,ST,1,1
707032,5500007165.0,10,14,14,180,F,,208,208.0,Z011,Y5,130,141385,1,E11,,5300360020.0,0.0,1,116,90100000,ST,1,1
712009,5500004673.0,10,14,14,112,F,,715,715.0,Z001,Y2,2540,5283,1,E13,,5300194578.0,0.0,1,14,90400000,ST,1,1
